region,province,municipality
Bangsamoro Autonomous Region In Muslim Mindanao (BARMM),Basilan,Akbar
Bangsamoro Autonomous Region In Muslim Mindanao (BARMM),Basilan,Al-Barka
Bangsamoro Autonomous Region In Muslim Mindanao (BARMM),Basilan,City of Lamitan
Bangsamoro Autonomous Region In Muslim Mindanao (BARMM),Basilan,Hadji Mohammad Ajul
Bangsamoro Autonomous Region In Muslim Mindanao (BARMM),Basilan,Hadji Muhtamad
Bangsamoro Autonomous Region In Muslim Mindanao (BARMM),Basilan,Lantawan
Bangsamoro Autonomous Region In Muslim Mindanao (BARMM),Basilan,Maluso
Bangsamoro Autonomous Region In Muslim Mindanao (BARMM),Basilan,Sumisip
Bangsamoro Autonomous Region In Muslim Mindanao (BARMM),Basilan,Tabuan-Lasa
Bangsamoro Autonomous Region In Muslim Mindanao (BARMM),Basilan,Tipo-Tipo
Bangsamoro Autonomous Region In Muslim Mindanao (BARMM),Basilan,Tuburan
Bangsamoro Autonomous Region In Muslim Mindanao (BARMM),Basilan,Ungkaya Pukan
Bangsamoro Autonomous Region In Muslim Mindanao (BARMM),Lanao del Sur,Amai Manabilang
Bangsamoro Autonomous Region In Muslim Mindanao (BARMM),Lanao del Sur,Bacolod-Kalawi
Bangsamoro Autonomous Region In Muslim Mindanao (BARMM),Lanao del Sur,Balabagan
Bangsamoro Autonomous Region In Muslim Mindanao (BARMM),Lanao del Sur,Balindong
Bangsamoro Autonomous Region In Muslim Mindanao (BARMM),Lanao del Sur,Bayang
Bangsamoro Autonomous Region In Muslim Mindanao (BARMM),Lanao del Sur,Binidayan
Bangsamoro Autonomous Region In Muslim Mindanao (BARMM),Lanao del Sur,Buadiposo-Buntong
Bangsamoro Autonomous Region In Muslim Mindanao (BARMM),Lanao del Sur,Bubong
Bangsamoro Autonomous Region In Muslim Mindanao (BARMM),Lanao del Sur,Butig
Bangsamoro Autonomous Region In Muslim Mindanao (BARMM),Lanao del Sur,Calanogas
Bangsamoro Autonomous Region In Muslim Mindanao (BARMM),Lanao del Sur,City of Marawi
Bangsamoro Autonomous Region In Muslim Mindanao (BARMM),Lanao del Sur,Ditsaan-Ramain
Bangsamoro Autonomous Region In Muslim Mindanao (BARMM),Lanao del Sur,Ganassi
Bangsamoro Autonomous Region In Muslim Mindanao (BARMM),Lanao del Sur,Kapai
Bangsamoro Autonomous Region In Muslim Mindanao (BARMM),Lanao del Sur,Kapatagan
Bangsamoro Autonomous Region In Muslim Mindanao (BARMM),Lanao del Sur,Lumba-Bayabao
Bangsamoro Autonomous Region In Muslim Mindanao (BARMM),Lanao del Sur,Lumbaca-Unayan
Bangsamoro Autonomous Region In Muslim Mindanao (BARMM),Lanao del Sur,Lumbatan
Bangsamoro Autonomous Region In Muslim Mindanao (BARMM),Lanao del Sur,Lumbayanague
Bangsamoro Autonomous Region In Muslim Mindanao (BARMM),Lanao del Sur,Madalum
Bangsamoro Autonomous Region In Muslim Mindanao (BARMM),Lanao del Sur,Madamba
Bangsamoro Autonomous Region In Muslim Mindanao (BARMM),Lanao del Sur,Maguing
Bangsamoro Autonomous Region In Muslim Mindanao (BARMM),Lanao del Sur,Malabang
Bangsamoro Autonomous Region In Muslim Mindanao (BARMM),Lanao del Sur,Marantao
Bangsamoro Autonomous Region In Muslim Mindanao (BARMM),Lanao del Sur,Marogong
Bangsamoro Autonomous Region In Muslim Mindanao (BARMM),Lanao del Sur,Masiu
Bangsamoro Autonomous Region In Muslim Mindanao (BARMM),Lanao del Sur,Mulondo
Bangsamoro Autonomous Region In Muslim Mindanao (BARMM),Lanao del Sur,Pagayawan
Bangsamoro Autonomous Region In Muslim Mindanao (BARMM),Lanao del Sur,Piagapo
Bangsamoro Autonomous Region In Muslim Mindanao (BARMM),Lanao del Sur,Picong
Bangsamoro Autonomous Region In Muslim Mindanao (BARMM),Lanao del Sur,Poona Bayabao
Bangsamoro Autonomous Region In Muslim Mindanao (BARMM),Lanao del Sur,Pualas
Bangsamoro Autonomous Region In Muslim Mindanao (BARMM),Lanao del Sur,Saguiaran
Bangsamoro Autonomous Region In Muslim Mindanao (BARMM),Lanao del Sur,Sultan Dumalondong
Bangsamoro Autonomous Region In Muslim Mindanao (BARMM),Lanao del Sur,Tagoloan II
Bangsamoro Autonomous Region In Muslim Mindanao (BARMM),Lanao del Sur,Tamparan
Bangsamoro Autonomous Region In Muslim Mindanao (BARMM),Lanao del Sur,Taraka
Bangsamoro Autonomous Region In Muslim Mindanao (BARMM),Lanao del Sur,Tubaran
Bangsamoro Autonomous Region In Muslim Mindanao (BARMM),Lanao del Sur,Tugaya
Bangsamoro Autonomous Region In Muslim Mindanao (BARMM),Lanao del Sur,Wao
Bangsamoro Autonomous Region In Muslim Mindanao (BARMM),Maguindanao del Norte,Barira
Bangsamoro Autonomous Region In Muslim Mindanao (BARMM),Maguindanao del Norte,Buldon
Bangsamoro Autonomous Region In Muslim Mindanao (BARMM),Maguindanao del Norte,City of Cotabato
Bangsamoro Autonomous Region In Muslim Mindanao (BARMM),Maguindanao del Norte,Datu Blah T. Sinsuat
Bangsamoro Autonomous Region In Muslim Mindanao (BARMM),Maguindanao del Norte,Datu Odin Sinsuat
Bangsamoro Autonomous Region In Muslim Mindanao (BARMM),Maguindanao del Norte,Kabuntalan
Bangsamoro Autonomous Region In Muslim Mindanao (BARMM),Maguindanao del Norte,Matanog
Bangsamoro Autonomous Region In Muslim Mindanao (BARMM),Maguindanao del Norte,Northern Kabuntalan
Bangsamoro Autonomous Region In Muslim Mindanao (BARMM),Maguindanao del Norte,Parang
Bangsamoro Autonomous Region In Muslim Mindanao (BARMM),Maguindanao del Norte,Sultan Kudarat
Bangsamoro Autonomous Region In Muslim Mindanao (BARMM),Maguindanao del Norte,Sultan Mastura
Bangsamoro Autonomous Region In Muslim Mindanao (BARMM),Maguindanao del Norte,Talitay
Bangsamoro Autonomous Region In Muslim Mindanao (BARMM),Maguindanao del Norte,Upi
Bangsamoro Autonomous Region In Muslim Mindanao (BARMM),Maguindanao del Sur,Ampatuan
Bangsamoro Autonomous Region In Muslim Mindanao (BARMM),Maguindanao del Sur,Buluan
Bangsamoro Autonomous Region In Muslim Mindanao (BARMM),Maguindanao del Sur,Datu Abdullah Sangki
Bangsamoro Autonomous Region In Muslim Mindanao (BARMM),Maguindanao del Sur,Datu Anggal Midtimbang
Bangsamoro Autonomous Region In Muslim Mindanao (BARMM),Maguindanao del Sur,Datu Hoffer Ampatuan
Bangsamoro Autonomous Region In Muslim Mindanao (BARMM),Maguindanao del Sur,Datu Paglas
Bangsamoro Autonomous Region In Muslim Mindanao (BARMM),Maguindanao del Sur,Datu Piang
Bangsamoro Autonomous Region In Muslim Mindanao (BARMM),Maguindanao del Sur,Datu Salibo
Bangsamoro Autonomous Region In Muslim Mindanao (BARMM),Maguindanao del Sur,Datu Saudi Ampatuan
Bangsamoro Autonomous Region In Muslim Mindanao (BARMM),Maguindanao del Sur,Datu Unsay
Bangsamoro Autonomous Region In Muslim Mindanao (BARMM),Maguindanao del Sur,Gen. S.K. Pendatun
Bangsamoro Autonomous Region In Muslim Mindanao (BARMM),Maguindanao del Sur,Guindulungan
Bangsamoro Autonomous Region In Muslim Mindanao (BARMM),Maguindanao del Sur,Mamasapano
Bangsamoro Autonomous Region In Muslim Mindanao (BARMM),Maguindanao del Sur,Mangudadatu
Bangsamoro Autonomous Region In Muslim Mindanao (BARMM),Maguindanao del Sur,Pagagawan
Bangsamoro Autonomous Region In Muslim Mindanao (BARMM),Maguindanao del Sur,Pagalungan
Bangsamoro Autonomous Region In Muslim Mindanao (BARMM),Maguindanao del Sur,Paglat
Bangsamoro Autonomous Region In Muslim Mindanao (BARMM),Maguindanao del Sur,Pandag
Bangsamoro Autonomous Region In Muslim Mindanao (BARMM),Maguindanao del Sur,Rajah Buayan
Bangsamoro Autonomous Region In Muslim Mindanao (BARMM),Maguindanao del Sur,Shariff Aguak
Bangsamoro Autonomous Region In Muslim Mindanao (BARMM),Maguindanao del Sur,Shariff Saydona Mustapha
Bangsamoro Autonomous Region In Muslim Mindanao (BARMM),Maguindanao del Sur,South Upi
Bangsamoro Autonomous Region In Muslim Mindanao (BARMM),Maguindanao del Sur,Sultan Sa Barongis
Bangsamoro Autonomous Region In Muslim Mindanao (BARMM),Maguindanao del Sur,Talayan
Bangsamoro Autonomous Region In Muslim Mindanao (BARMM),Special Geographic Area,Kadayangan
Bangsamoro Autonomous Region In Muslim Mindanao (BARMM),Special Geographic Area,Kapalawan
Bangsamoro Autonomous Region In Muslim Mindanao (BARMM),Special Geographic Area,Ligawasan
Bangsamoro Autonomous Region In Muslim Mindanao (BARMM),Special Geographic Area,Malidegao
Bangsamoro Autonomous Region In Muslim Mindanao (BARMM),Special Geographic Area,Nabalawag
Bangsamoro Autonomous Region In Muslim Mindanao (BARMM),Special Geographic Area,Old Kaabakan
Bangsamoro Autonomous Region In Muslim Mindanao (BARMM),Special Geographic Area,Pahamuddin
Bangsamoro Autonomous Region In Muslim Mindanao (BARMM),Special Geographic Area,Tugunan
Bangsamoro Autonomous Region In Muslim Mindanao (BARMM),Tawi-Tawi,Bongao
Bangsamoro Autonomous Region In Muslim Mindanao (BARMM),Tawi-Tawi,Languyan
Bangsamoro Autonomous Region In Muslim Mindanao (BARMM),Tawi-Tawi,Mapun
Bangsamoro Autonomous Region In Muslim Mindanao (BARMM),Tawi-Tawi,Panglima Sugala
Bangsamoro Autonomous Region In Muslim Mindanao (BARMM),Tawi-Tawi,Sapa-Sapa
Bangsamoro Autonomous Region In Muslim Mindanao (BARMM),Tawi-Tawi,Sibutu
Bangsamoro Autonomous Region In Muslim Mindanao (BARMM),Tawi-Tawi,Simunul
Bangsamoro Autonomous Region In Muslim Mindanao (BARMM),Tawi-Tawi,Sitangkai
Bangsamoro Autonomous Region In Muslim Mindanao (BARMM),Tawi-Tawi,South Ubian
Bangsamoro Autonomous Region In Muslim Mindanao (BARMM),Tawi-Tawi,Tandubas
Bangsamoro Autonomous Region In Muslim Mindanao (BARMM),Tawi-Tawi,Turtle Islands
Cordillera Administrative Region (CAR),Abra,Bangued
Cordillera Administrative Region (CAR),Abra,Boliney
Cordillera Administrative Region (CAR),Abra,Bucay
Cordillera Administrative Region (CAR),Abra,Bucloc
Cordillera Administrative Region (CAR),Abra,Daguioman
Cordillera Administrative Region (CAR),Abra,Danglas
Cordillera Administrative Region (CAR),Abra,Dolores
Cordillera Administrative Region (CAR),Abra,La Paz
Cordillera Administrative Region (CAR),Abra,Lacub
Cordillera Administrative Region (CAR),Abra,Lagangilang
Cordillera Administrative Region (CAR),Abra,Lagayan
Cordillera Administrative Region (CAR),Abra,Langiden
Cordillera Administrative Region (CAR),Abra,Licuan-Baay
Cordillera Administrative Region (CAR),Abra,Luba
Cordillera Administrative Region (CAR),Abra,Malibcong
Cordillera Administrative Region (CAR),Abra,Manabo
Cordillera Administrative Region (CAR),Abra,Peñarrubia
Cordillera Administrative Region (CAR),Abra,Pidigan
Cordillera Administrative Region (CAR),Abra,Pilar
Cordillera Administrative Region (CAR),Abra,Sallapadan
Cordillera Administrative Region (CAR),Abra,San Isidro
Cordillera Administrative Region (CAR),Abra,San Juan
Cordillera Administrative Region (CAR),Abra,San Quintin
Cordillera Administrative Region (CAR),Abra,Tayum
Cordillera Administrative Region (CAR),Abra,Tineg
Cordillera Administrative Region (CAR),Abra,Tubo
Cordillera Administrative Region (CAR),Abra,Villaviciosa
Cordillera Administrative Region (CAR),Apayao,Calanasan
Cordillera Administrative Region (CAR),Apayao,Conner
Cordillera Administrative Region (CAR),Apayao,Flora
Cordillera Administrative Region (CAR),Apayao,Kabugao
Cordillera Administrative Region (CAR),Apayao,Luna
Cordillera Administrative Region (CAR),Apayao,Pudtol
Cordillera Administrative Region (CAR),Apayao,Santa Marcela
Cordillera Administrative Region (CAR),Benguet,Atok
Cordillera Administrative Region (CAR),Benguet,Bakun
Cordillera Administrative Region (CAR),Benguet,Bokod
Cordillera Administrative Region (CAR),Benguet,Buguias
Cordillera Administrative Region (CAR),Benguet,Itogon
Cordillera Administrative Region (CAR),Benguet,Kabayan
Cordillera Administrative Region (CAR),Benguet,Kapangan
Cordillera Administrative Region (CAR),Benguet,Kibungan
Cordillera Administrative Region (CAR),Benguet,La Trinidad
Cordillera Administrative Region (CAR),Benguet,Mankayan
Cordillera Administrative Region (CAR),Benguet,Sablan
Cordillera Administrative Region (CAR),Benguet,Tuba
Cordillera Administrative Region (CAR),Benguet,Tublay
Cordillera Administrative Region (CAR),Ifugao,Aguinaldo
Cordillera Administrative Region (CAR),Ifugao,Alfonso Lista
Cordillera Administrative Region (CAR),Ifugao,Asipulo
Cordillera Administrative Region (CAR),Ifugao,Banaue
Cordillera Administrative Region (CAR),Ifugao,Hingyon
Cordillera Administrative Region (CAR),Ifugao,Hungduan
Cordillera Administrative Region (CAR),Ifugao,Kiangan
Cordillera Administrative Region (CAR),Ifugao,Lagawe
Cordillera Administrative Region (CAR),Ifugao,Lamut
Cordillera Administrative Region (CAR),Ifugao,Mayoyao
Cordillera Administrative Region (CAR),Ifugao,Tinoc
Cordillera Administrative Region (CAR),Kalinga,Balbalan
Cordillera Administrative Region (CAR),Kalinga,City of Tabuk
Cordillera Administrative Region (CAR),Kalinga,Lubuagan
Cordillera Administrative Region (CAR),Kalinga,Pasil
Cordillera Administrative Region (CAR),Kalinga,Pinukpuk
Cordillera Administrative Region (CAR),Kalinga,Rizal
Cordillera Administrative Region (CAR),Kalinga,Tanudan
Cordillera Administrative Region (CAR),Kalinga,Tinglayan
Cordillera Administrative Region (CAR),Mountain Province,Barlig
Cordillera Administrative Region (CAR),Mountain Province,Bauko
Cordillera Administrative Region (CAR),Mountain Province,Besao
Cordillera Administrative Region (CAR),Mountain Province,Bontoc
Cordillera Administrative Region (CAR),Mountain Province,Natonin
Cordillera Administrative Region (CAR),Mountain Province,Paracelis
Cordillera Administrative Region (CAR),Mountain Province,Sabangan
Cordillera Administrative Region (CAR),Mountain Province,Sadanga
Cordillera Administrative Region (CAR),Mountain Province,Sagada
Cordillera Administrative Region (CAR),Mountain Province,Tadian
Cordillera Administrative Region (CAR),City of Baguio,Tadian
MIMAROPA Region,Marinduque,Boac
MIMAROPA Region,Marinduque,Buenavista
MIMAROPA Region,Marinduque,Gasan
MIMAROPA Region,Marinduque,Mogpog
MIMAROPA Region,Marinduque,Santa Cruz
MIMAROPA Region,Marinduque,Torrijos
MIMAROPA Region,Occidental Mindoro,Abra De Ilog
MIMAROPA Region,Occidental Mindoro,Calintaan
MIMAROPA Region,Occidental Mindoro,Looc
MIMAROPA Region,Occidental Mindoro,Lubang
MIMAROPA Region,Occidental Mindoro,Magsaysay
MIMAROPA Region,Occidental Mindoro,Mamburao
MIMAROPA Region,Occidental Mindoro,Paluan
MIMAROPA Region,Occidental Mindoro,Rizal
MIMAROPA Region,Occidental Mindoro,Sablayan
MIMAROPA Region,Occidental Mindoro,San Jose
MIMAROPA Region,Occidental Mindoro,Santa Cruz
MIMAROPA Region,Oriental Mindoro,Baco
MIMAROPA Region,Oriental Mindoro,Bansud
MIMAROPA Region,Oriental Mindoro,Bongabong
MIMAROPA Region,Oriental Mindoro,Bulalacao
MIMAROPA Region,Oriental Mindoro,City of Calapan
MIMAROPA Region,Oriental Mindoro,Gloria
MIMAROPA Region,Oriental Mindoro,Mansalay
MIMAROPA Region,Oriental Mindoro,Naujan
MIMAROPA Region,Oriental Mindoro,Pinamalayan
MIMAROPA Region,Oriental Mindoro,Pola
MIMAROPA Region,Oriental Mindoro,Puerto Galera
MIMAROPA Region,Oriental Mindoro,Roxas
MIMAROPA Region,Oriental Mindoro,San Teodoro
MIMAROPA Region,Oriental Mindoro,Socorro
MIMAROPA Region,Oriental Mindoro,Victoria
MIMAROPA Region,Palawan,Aborlan
MIMAROPA Region,Palawan,Agutaya
MIMAROPA Region,Palawan,Araceli
MIMAROPA Region,Palawan,Balabac
MIMAROPA Region,Palawan,Bataraza
MIMAROPA Region,Palawan,Brooke's Point
MIMAROPA Region,Palawan,Busuanga
MIMAROPA Region,Palawan,Cagayancillo
MIMAROPA Region,Palawan,Coron
MIMAROPA Region,Palawan,Culion
MIMAROPA Region,Palawan,Cuyo
MIMAROPA Region,Palawan,Dr. Jose P. Rizal
MIMAROPA Region,Palawan,Dumaran
MIMAROPA Region,Palawan,El Nido
MIMAROPA Region,Palawan,Kalayaan
MIMAROPA Region,Palawan,Linapacan
MIMAROPA Region,Palawan,Magsaysay
MIMAROPA Region,Palawan,Narra
MIMAROPA Region,Palawan,Quezon
MIMAROPA Region,Palawan,Roxas
MIMAROPA Region,Palawan,San Vicente
MIMAROPA Region,Palawan,Sofronio Española
MIMAROPA Region,Palawan,Taytay
MIMAROPA Region,Romblon,Alcantara
MIMAROPA Region,Romblon,Banton
MIMAROPA Region,Romblon,Cajidiocan
MIMAROPA Region,Romblon,Calatrava
MIMAROPA Region,Romblon,Concepcion
MIMAROPA Region,Romblon,Corcuera
MIMAROPA Region,Romblon,Ferrol
MIMAROPA Region,Romblon,Looc
MIMAROPA Region,Romblon,Magdiwang
MIMAROPA Region,Romblon,Odiongan
MIMAROPA Region,Romblon,Romblon
MIMAROPA Region,Romblon,San Agustin
MIMAROPA Region,Romblon,San Andres
MIMAROPA Region,Romblon,San Fernando
MIMAROPA Region,Romblon,San Jose
MIMAROPA Region,Romblon,Santa Fe
MIMAROPA Region,Romblon,Santa Maria
MIMAROPA Region,City of Puerto Princesa,Santa Maria
National Capital Region (NCR),City of Manila,Binondo
National Capital Region (NCR),City of Manila,Ermita
National Capital Region (NCR),City of Manila,Intramuros
National Capital Region (NCR),City of Manila,Malate
National Capital Region (NCR),City of Manila,Paco
National Capital Region (NCR),City of Manila,Pandacan
National Capital Region (NCR),City of Manila,Port Area
National Capital Region (NCR),City of Manila,Quiapo
National Capital Region (NCR),City of Manila,Sampaloc
National Capital Region (NCR),City of Manila,San Miguel
National Capital Region (NCR),City of Manila,San Nicolas
National Capital Region (NCR),City of Manila,Santa Ana
National Capital Region (NCR),City of Manila,Santa Cruz
National Capital Region (NCR),City of Manila,Tondo I/II
National Capital Region (NCR),City of Caloocan,Tondo I/II
National Capital Region (NCR),City of Las Piñas,Tondo I/II
National Capital Region (NCR),City of Makati,Tondo I/II
National Capital Region (NCR),City of Malabon,Tondo I/II
National Capital Region (NCR),City of Mandaluyong,Tondo I/II
National Capital Region (NCR),City of Marikina,Tondo I/II
National Capital Region (NCR),City of Muntinlupa,Tondo I/II
National Capital Region (NCR),City of Navotas,Tondo I/II
National Capital Region (NCR),City of Parañaque,Tondo I/II
National Capital Region (NCR),City of Pasig,Tondo I/II
National Capital Region (NCR),City of San Juan,Tondo I/II
National Capital Region (NCR),City of Taguig,Tondo I/II
National Capital Region (NCR),City of Valenzuela,Tondo I/II
National Capital Region (NCR),Pasay City,Tondo I/II
National Capital Region (NCR),Quezon City,Tondo I/II
National Capital Region (NCR),Pateros,Tondo I/II
Negros Island Region (NIR),Negros Occidental,Binalbagan
Negros Island Region (NIR),Negros Occidental,Calatrava
Negros Island Region (NIR),Negros Occidental,Candoni
Negros Island Region (NIR),Negros Occidental,Cauayan
Negros Island Region (NIR),Negros Occidental,City of Bago
Negros Island Region (NIR),Negros Occidental,City of Cadiz
Negros Island Region (NIR),Negros Occidental,City of Escalante
Negros Island Region (NIR),Negros Occidental,City of Himamaylan
Negros Island Region (NIR),Negros Occidental,City of Kabankalan
Negros Island Region (NIR),Negros Occidental,City of La Carlota
Negros Island Region (NIR),Negros Occidental,City of Sagay
Negros Island Region (NIR),Negros Occidental,City of San Carlos
Negros Island Region (NIR),Negros Occidental,City of Silay
Negros Island Region (NIR),Negros Occidental,City of Sipalay
Negros Island Region (NIR),Negros Occidental,City of Talisay
Negros Island Region (NIR),Negros Occidental,City of Victorias
Negros Island Region (NIR),Negros Occidental,Enrique B. Magalona
Negros Island Region (NIR),Negros Occidental,Hinigaran
Negros Island Region (NIR),Negros Occidental,Hinoba-an
Negros Island Region (NIR),Negros Occidental,Ilog
Negros Island Region (NIR),Negros Occidental,Isabela
Negros Island Region (NIR),Negros Occidental,La Castellana
Negros Island Region (NIR),Negros Occidental,Manapla
Negros Island Region (NIR),Negros Occidental,Moises Padilla
Negros Island Region (NIR),Negros Occidental,Murcia
Negros Island Region (NIR),Negros Occidental,Pontevedra
Negros Island Region (NIR),Negros Occidental,Pulupandan
Negros Island Region (NIR),Negros Occidental,Salvador Benedicto
Negros Island Region (NIR),Negros Occidental,San Enrique
Negros Island Region (NIR),Negros Occidental,Toboso
Negros Island Region (NIR),Negros Occidental,Valladolid
Negros Island Region (NIR),Negros Oriental,Amlan
Negros Island Region (NIR),Negros Oriental,Ayungon
Negros Island Region (NIR),Negros Oriental,Bacong
Negros Island Region (NIR),Negros Oriental,Basay
Negros Island Region (NIR),Negros Oriental,Bindoy
Negros Island Region (NIR),Negros Oriental,City of Bais
Negros Island Region (NIR),Negros Oriental,City of Bayawan
Negros Island Region (NIR),Negros Oriental,City of Canlaon
Negros Island Region (NIR),Negros Oriental,City of Dumaguete
Negros Island Region (NIR),Negros Oriental,City of Guihulngan
Negros Island Region (NIR),Negros Oriental,City of Tanjay
Negros Island Region (NIR),Negros Oriental,Dauin
Negros Island Region (NIR),Negros Oriental,Jimalalud
Negros Island Region (NIR),Negros Oriental,La Libertad
Negros Island Region (NIR),Negros Oriental,Mabinay
Negros Island Region (NIR),Negros Oriental,Manjuyod
Negros Island Region (NIR),Negros Oriental,Pamplona
Negros Island Region (NIR),Negros Oriental,San Jose
Negros Island Region (NIR),Negros Oriental,Santa Catalina
Negros Island Region (NIR),Negros Oriental,Siaton
Negros Island Region (NIR),Negros Oriental,Sibulan
Negros Island Region (NIR),Negros Oriental,Tayasan
Negros Island Region (NIR),Negros Oriental,Valencia
Negros Island Region (NIR),Negros Oriental,Vallehermoso
Negros Island Region (NIR),Negros Oriental,Zamboanguita
Negros Island Region (NIR),Siquijor,Enrique Villanueva
Negros Island Region (NIR),Siquijor,Larena
Negros Island Region (NIR),Siquijor,Lazi
Negros Island Region (NIR),Siquijor,Maria
Negros Island Region (NIR),Siquijor,San Juan
Negros Island Region (NIR),Siquijor,Siquijor
Negros Island Region (NIR),City of Bacolod,Siquijor
Region I (Ilocos Region),Ilocos Norte,Adams
Region I (Ilocos Region),Ilocos Norte,Bacarra
Region I (Ilocos Region),Ilocos Norte,Badoc
Region I (Ilocos Region),Ilocos Norte,Bangui
Region I (Ilocos Region),Ilocos Norte,Banna
Region I (Ilocos Region),Ilocos Norte,Burgos
Region I (Ilocos Region),Ilocos Norte,Carasi
Region I (Ilocos Region),Ilocos Norte,City of Batac
Region I (Ilocos Region),Ilocos Norte,City of Laoag
Region I (Ilocos Region),Ilocos Norte,Currimao
Region I (Ilocos Region),Ilocos Norte,Dingras
Region I (Ilocos Region),Ilocos Norte,Dumalneg
Region I (Ilocos Region),Ilocos Norte,Marcos
Region I (Ilocos Region),Ilocos Norte,Nueva Era
Region I (Ilocos Region),Ilocos Norte,Pagudpud
Region I (Ilocos Region),Ilocos Norte,Paoay
Region I (Ilocos Region),Ilocos Norte,Pasuquin
Region I (Ilocos Region),Ilocos Norte,Piddig
Region I (Ilocos Region),Ilocos Norte,Pinili
Region I (Ilocos Region),Ilocos Norte,San Nicolas
Region I (Ilocos Region),Ilocos Norte,Sarrat
Region I (Ilocos Region),Ilocos Norte,Solsona
Region I (Ilocos Region),Ilocos Norte,Vintar
Region I (Ilocos Region),Ilocos Sur,Alilem
Region I (Ilocos Region),Ilocos Sur,Banayoyo
Region I (Ilocos Region),Ilocos Sur,Bantay
Region I (Ilocos Region),Ilocos Sur,Burgos
Region I (Ilocos Region),Ilocos Sur,Cabugao
Region I (Ilocos Region),Ilocos Sur,Caoayan
Region I (Ilocos Region),Ilocos Sur,Cervantes
Region I (Ilocos Region),Ilocos Sur,City of Candon
Region I (Ilocos Region),Ilocos Sur,City of Vigan
Region I (Ilocos Region),Ilocos Sur,Galimuyod
Region I (Ilocos Region),Ilocos Sur,Gregorio del Pilar
Region I (Ilocos Region),Ilocos Sur,Lidlidda
Region I (Ilocos Region),Ilocos Sur,Magsingal
Region I (Ilocos Region),Ilocos Sur,Nagbukel
Region I (Ilocos Region),Ilocos Sur,Narvacan
Region I (Ilocos Region),Ilocos Sur,Quirino
Region I (Ilocos Region),Ilocos Sur,Salcedo
Region I (Ilocos Region),Ilocos Sur,San Emilio
Region I (Ilocos Region),Ilocos Sur,San Esteban
Region I (Ilocos Region),Ilocos Sur,San Ildefonso
Region I (Ilocos Region),Ilocos Sur,San Juan
Region I (Ilocos Region),Ilocos Sur,San Vicente
Region I (Ilocos Region),Ilocos Sur,Santa
Region I (Ilocos Region),Ilocos Sur,Santa Catalina
Region I (Ilocos Region),Ilocos Sur,Santa Cruz
Region I (Ilocos Region),Ilocos Sur,Santa Lucia
Region I (Ilocos Region),Ilocos Sur,Santa Maria
Region I (Ilocos Region),Ilocos Sur,Santiago
Region I (Ilocos Region),Ilocos Sur,Santo Domingo
Region I (Ilocos Region),Ilocos Sur,Sigay
Region I (Ilocos Region),Ilocos Sur,Sinait
Region I (Ilocos Region),Ilocos Sur,Sugpon
Region I (Ilocos Region),Ilocos Sur,Suyo
Region I (Ilocos Region),Ilocos Sur,Tagudin
Region I (Ilocos Region),La Union,Agoo
Region I (Ilocos Region),La Union,Aringay
Region I (Ilocos Region),La Union,Bacnotan
Region I (Ilocos Region),La Union,Bagulin
Region I (Ilocos Region),La Union,Balaoan
Region I (Ilocos Region),La Union,Bangar
Region I (Ilocos Region),La Union,Bauang
Region I (Ilocos Region),La Union,Burgos
Region I (Ilocos Region),La Union,Caba
Region I (Ilocos Region),La Union,City of San Fernando
Region I (Ilocos Region),La Union,Luna
Region I (Ilocos Region),La Union,Naguilian
Region I (Ilocos Region),La Union,Pugo
Region I (Ilocos Region),La Union,Rosario
Region I (Ilocos Region),La Union,San Gabriel
Region I (Ilocos Region),La Union,San Juan
Region I (Ilocos Region),La Union,Santo Tomas
Region I (Ilocos Region),La Union,Santol
Region I (Ilocos Region),La Union,Sudipen
Region I (Ilocos Region),La Union,Tubao
Region I (Ilocos Region),Pangasinan,Agno
Region I (Ilocos Region),Pangasinan,Aguilar
Region I (Ilocos Region),Pangasinan,Alcala
Region I (Ilocos Region),Pangasinan,Anda
Region I (Ilocos Region),Pangasinan,Asingan
Region I (Ilocos Region),Pangasinan,Balungao
Region I (Ilocos Region),Pangasinan,Bani
Region I (Ilocos Region),Pangasinan,Basista
Region I (Ilocos Region),Pangasinan,Bautista
Region I (Ilocos Region),Pangasinan,Bayambang
Region I (Ilocos Region),Pangasinan,Binalonan
Region I (Ilocos Region),Pangasinan,Binmaley
Region I (Ilocos Region),Pangasinan,Bolinao
Region I (Ilocos Region),Pangasinan,Bugallon
Region I (Ilocos Region),Pangasinan,Burgos
Region I (Ilocos Region),Pangasinan,Calasiao
Region I (Ilocos Region),Pangasinan,City of Alaminos
Region I (Ilocos Region),Pangasinan,City of Dagupan
Region I (Ilocos Region),Pangasinan,City of San Carlos
Region I (Ilocos Region),Pangasinan,City of Urdaneta
Region I (Ilocos Region),Pangasinan,Dasol
Region I (Ilocos Region),Pangasinan,Infanta
Region I (Ilocos Region),Pangasinan,Labrador
Region I (Ilocos Region),Pangasinan,Laoac
Region I (Ilocos Region),Pangasinan,Lingayen
Region I (Ilocos Region),Pangasinan,Mabini
Region I (Ilocos Region),Pangasinan,Malasiqui
Region I (Ilocos Region),Pangasinan,Manaoag
Region I (Ilocos Region),Pangasinan,Mangaldan
Region I (Ilocos Region),Pangasinan,Mangatarem
Region I (Ilocos Region),Pangasinan,Mapandan
Region I (Ilocos Region),Pangasinan,Natividad
Region I (Ilocos Region),Pangasinan,Pozorrubio
Region I (Ilocos Region),Pangasinan,Rosales
Region I (Ilocos Region),Pangasinan,San Fabian
Region I (Ilocos Region),Pangasinan,San Jacinto
Region I (Ilocos Region),Pangasinan,San Manuel
Region I (Ilocos Region),Pangasinan,San Nicolas
Region I (Ilocos Region),Pangasinan,San Quintin
Region I (Ilocos Region),Pangasinan,Santa Barbara
Region I (Ilocos Region),Pangasinan,Santa Maria
Region I (Ilocos Region),Pangasinan,Santo Tomas
Region I (Ilocos Region),Pangasinan,Sison
Region I (Ilocos Region),Pangasinan,Sual
Region I (Ilocos Region),Pangasinan,Tayug
Region I (Ilocos Region),Pangasinan,Umingan
Region I (Ilocos Region),Pangasinan,Urbiztondo
Region I (Ilocos Region),Pangasinan,Villasis
Region II (Cagayan Valley),Batanes,Basco
Region II (Cagayan Valley),Batanes,Itbayat
Region II (Cagayan Valley),Batanes,Ivana
Region II (Cagayan Valley),Batanes,Mahatao
Region II (Cagayan Valley),Batanes,Sabtang
Region II (Cagayan Valley),Batanes,Uyugan
Region II (Cagayan Valley),Cagayan,Abulug
Region II (Cagayan Valley),Cagayan,Alcala
Region II (Cagayan Valley),Cagayan,Allacapan
Region II (Cagayan Valley),Cagayan,Amulung
Region II (Cagayan Valley),Cagayan,Aparri
Region II (Cagayan Valley),Cagayan,Baggao
Region II (Cagayan Valley),Cagayan,Ballesteros
Region II (Cagayan Valley),Cagayan,Buguey
Region II (Cagayan Valley),Cagayan,Calayan
Region II (Cagayan Valley),Cagayan,Camalaniugan
Region II (Cagayan Valley),Cagayan,Claveria
Region II (Cagayan Valley),Cagayan,Enrile
Region II (Cagayan Valley),Cagayan,Gattaran
Region II (Cagayan Valley),Cagayan,Gonzaga
Region II (Cagayan Valley),Cagayan,Iguig
Region II (Cagayan Valley),Cagayan,Lal-Lo
Region II (Cagayan Valley),Cagayan,Lasam
Region II (Cagayan Valley),Cagayan,Pamplona
Region II (Cagayan Valley),Cagayan,Peñablanca
Region II (Cagayan Valley),Cagayan,Piat
Region II (Cagayan Valley),Cagayan,Rizal
Region II (Cagayan Valley),Cagayan,Sanchez-Mira
Region II (Cagayan Valley),Cagayan,Santa Ana
Region II (Cagayan Valley),Cagayan,Santa Praxedes
Region II (Cagayan Valley),Cagayan,Santa Teresita
Region II (Cagayan Valley),Cagayan,Santo Niño
Region II (Cagayan Valley),Cagayan,Solana
Region II (Cagayan Valley),Cagayan,Tuao
Region II (Cagayan Valley),Cagayan,Tuguegarao City
Region II (Cagayan Valley),Isabela,Alicia
Region II (Cagayan Valley),Isabela,Angadanan
Region II (Cagayan Valley),Isabela,Aurora
Region II (Cagayan Valley),Isabela,Benito Soliven
Region II (Cagayan Valley),Isabela,Burgos
Region II (Cagayan Valley),Isabela,Cabagan
Region II (Cagayan Valley),Isabela,Cabatuan
Region II (Cagayan Valley),Isabela,City of Cauayan
Region II (Cagayan Valley),Isabela,City of Ilagan
Region II (Cagayan Valley),Isabela,City of Santiago
Region II (Cagayan Valley),Isabela,Cordon
Region II (Cagayan Valley),Isabela,Delfin Albano
Region II (Cagayan Valley),Isabela,Dinapigue
Region II (Cagayan Valley),Isabela,Divilacan
Region II (Cagayan Valley),Isabela,Echague
Region II (Cagayan Valley),Isabela,Gamu
Region II (Cagayan Valley),Isabela,Jones
Region II (Cagayan Valley),Isabela,Luna
Region II (Cagayan Valley),Isabela,Maconacon
Region II (Cagayan Valley),Isabela,Mallig
Region II (Cagayan Valley),Isabela,Naguilian
Region II (Cagayan Valley),Isabela,Palanan
Region II (Cagayan Valley),Isabela,Quezon
Region II (Cagayan Valley),Isabela,Quirino
Region II (Cagayan Valley),Isabela,Ramon
Region II (Cagayan Valley),Isabela,Reina Mercedes
Region II (Cagayan Valley),Isabela,Roxas
Region II (Cagayan Valley),Isabela,San Agustin
Region II (Cagayan Valley),Isabela,San Guillermo
Region II (Cagayan Valley),Isabela,San Isidro
Region II (Cagayan Valley),Isabela,San Manuel
Region II (Cagayan Valley),Isabela,San Mariano
Region II (Cagayan Valley),Isabela,San Mateo
Region II (Cagayan Valley),Isabela,San Pablo
Region II (Cagayan Valley),Isabela,Santa Maria
Region II (Cagayan Valley),Isabela,Santo Tomas
Region II (Cagayan Valley),Isabela,Tumauini
Region II (Cagayan Valley),Nueva Vizcaya,Alfonso Castaneda
Region II (Cagayan Valley),Nueva Vizcaya,Ambaguio
Region II (Cagayan Valley),Nueva Vizcaya,Aritao
Region II (Cagayan Valley),Nueva Vizcaya,Bagabag
Region II (Cagayan Valley),Nueva Vizcaya,Bambang
Region II (Cagayan Valley),Nueva Vizcaya,Bayombong
Region II (Cagayan Valley),Nueva Vizcaya,Diadi
Region II (Cagayan Valley),Nueva Vizcaya,Dupax del Norte
Region II (Cagayan Valley),Nueva Vizcaya,Dupax del Sur
Region II (Cagayan Valley),Nueva Vizcaya,Kasibu
Region II (Cagayan Valley),Nueva Vizcaya,Kayapa
Region II (Cagayan Valley),Nueva Vizcaya,Quezon
Region II (Cagayan Valley),Nueva Vizcaya,Santa Fe
Region II (Cagayan Valley),Nueva Vizcaya,Solano
Region II (Cagayan Valley),Nueva Vizcaya,Villaverde
Region II (Cagayan Valley),Quirino,Aglipay
Region II (Cagayan Valley),Quirino,Cabarroguis
Region II (Cagayan Valley),Quirino,Diffun
Region II (Cagayan Valley),Quirino,Maddela
Region II (Cagayan Valley),Quirino,Nagtipunan
Region II (Cagayan Valley),Quirino,Saguday
Region III (Central Luzon),Aurora,Baler
Region III (Central Luzon),Aurora,Casiguran
Region III (Central Luzon),Aurora,Dilasag
Region III (Central Luzon),Aurora,Dinalungan
Region III (Central Luzon),Aurora,Dingalan
Region III (Central Luzon),Aurora,Dipaculao
Region III (Central Luzon),Aurora,Maria Aurora
Region III (Central Luzon),Aurora,San Luis
Region III (Central Luzon),Bataan,Abucay
Region III (Central Luzon),Bataan,Bagac
Region III (Central Luzon),Bataan,City of Balanga
Region III (Central Luzon),Bataan,Dinalupihan
Region III (Central Luzon),Bataan,Hermosa
Region III (Central Luzon),Bataan,Limay
Region III (Central Luzon),Bataan,Mariveles
Region III (Central Luzon),Bataan,Morong
Region III (Central Luzon),Bataan,Orani
Region III (Central Luzon),Bataan,Orion
Region III (Central Luzon),Bataan,Pilar
Region III (Central Luzon),Bataan,Samal
Region III (Central Luzon),Bulacan,Angat
Region III (Central Luzon),Bulacan,Balagtas
Region III (Central Luzon),Bulacan,Bocaue
Region III (Central Luzon),Bulacan,Bulacan
Region III (Central Luzon),Bulacan,Bustos
Region III (Central Luzon),Bulacan,Calumpit
Region III (Central Luzon),Bulacan,City of Baliwag
Region III (Central Luzon),Bulacan,City of Malolos
Region III (Central Luzon),Bulacan,City of Meycauayan
Region III (Central Luzon),Bulacan,City of San Jose Del Monte
Region III (Central Luzon),Bulacan,Doña Remedios Trinidad
Region III (Central Luzon),Bulacan,Guiguinto
Region III (Central Luzon),Bulacan,Hagonoy
Region III (Central Luzon),Bulacan,Marilao
Region III (Central Luzon),Bulacan,Norzagaray
Region III (Central Luzon),Bulacan,Obando
Region III (Central Luzon),Bulacan,Pandi
Region III (Central Luzon),Bulacan,Paombong
Region III (Central Luzon),Bulacan,Plaridel
Region III (Central Luzon),Bulacan,Pulilan
Region III (Central Luzon),Bulacan,San Ildefonso
Region III (Central Luzon),Bulacan,San Miguel
Region III (Central Luzon),Bulacan,San Rafael
Region III (Central Luzon),Bulacan,Santa Maria
Region III (Central Luzon),Nueva Ecija,Aliaga
Region III (Central Luzon),Nueva Ecija,Bongabon
Region III (Central Luzon),Nueva Ecija,Cabiao
Region III (Central Luzon),Nueva Ecija,Carranglan
Region III (Central Luzon),Nueva Ecija,City of Cabanatuan
Region III (Central Luzon),Nueva Ecija,City of Gapan
Region III (Central Luzon),Nueva Ecija,City of Palayan
Region III (Central Luzon),Nueva Ecija,Cuyapo
Region III (Central Luzon),Nueva Ecija,Gabaldon
Region III (Central Luzon),Nueva Ecija,General Mamerto Natividad
Region III (Central Luzon),Nueva Ecija,General Tinio
Region III (Central Luzon),Nueva Ecija,Guimba
Region III (Central Luzon),Nueva Ecija,Jaen
Region III (Central Luzon),Nueva Ecija,Laur
Region III (Central Luzon),Nueva Ecija,Licab
Region III (Central Luzon),Nueva Ecija,Llanera
Region III (Central Luzon),Nueva Ecija,Lupao
Region III (Central Luzon),Nueva Ecija,Nampicuan
Region III (Central Luzon),Nueva Ecija,Pantabangan
Region III (Central Luzon),Nueva Ecija,Peñaranda
Region III (Central Luzon),Nueva Ecija,Quezon
Region III (Central Luzon),Nueva Ecija,Rizal
Region III (Central Luzon),Nueva Ecija,San Antonio
Region III (Central Luzon),Nueva Ecija,San Isidro
Region III (Central Luzon),Nueva Ecija,San Jose City
Region III (Central Luzon),Nueva Ecija,San Leonardo
Region III (Central Luzon),Nueva Ecija,Santa Rosa
Region III (Central Luzon),Nueva Ecija,Santo Domingo
Region III (Central Luzon),Nueva Ecija,Science City of Muñoz
Region III (Central Luzon),Nueva Ecija,Talavera
Region III (Central Luzon),Nueva Ecija,Talugtug
Region III (Central Luzon),Nueva Ecija,Zaragoza
Region III (Central Luzon),Pampanga,Apalit
Region III (Central Luzon),Pampanga,Arayat
Region III (Central Luzon),Pampanga,Bacolor
Region III (Central Luzon),Pampanga,Candaba
Region III (Central Luzon),Pampanga,City of San Fernando
Region III (Central Luzon),Pampanga,Floridablanca
Region III (Central Luzon),Pampanga,Guagua
Region III (Central Luzon),Pampanga,Lubao
Region III (Central Luzon),Pampanga,Mabalacat City
Region III (Central Luzon),Pampanga,Macabebe
Region III (Central Luzon),Pampanga,Magalang
Region III (Central Luzon),Pampanga,Masantol
Region III (Central Luzon),Pampanga,Mexico
Region III (Central Luzon),Pampanga,Minalin
Region III (Central Luzon),Pampanga,Porac
Region III (Central Luzon),Pampanga,San Luis
Region III (Central Luzon),Pampanga,San Simon
Region III (Central Luzon),Pampanga,Santa Ana
Region III (Central Luzon),Pampanga,Santa Rita
Region III (Central Luzon),Pampanga,Sasmuan
Region III (Central Luzon),Pampanga,Sto. Tomas
Region III (Central Luzon),Tarlac,Anao
Region III (Central Luzon),Tarlac,Bamban
Region III (Central Luzon),Tarlac,Camiling
Region III (Central Luzon),Tarlac,Capas
Region III (Central Luzon),Tarlac,City of Tarlac
Region III (Central Luzon),Tarlac,Concepcion
Region III (Central Luzon),Tarlac,Gerona
Region III (Central Luzon),Tarlac,La Paz
Region III (Central Luzon),Tarlac,Mayantoc
Region III (Central Luzon),Tarlac,Moncada
Region III (Central Luzon),Tarlac,Paniqui
Region III (Central Luzon),Tarlac,Pura
Region III (Central Luzon),Tarlac,Ramos
Region III (Central Luzon),Tarlac,San Clemente
Region III (Central Luzon),Tarlac,San Jose
Region III (Central Luzon),Tarlac,San Manuel
Region III (Central Luzon),Tarlac,Santa Ignacia
Region III (Central Luzon),Tarlac,Victoria
Region III (Central Luzon),Zambales,Botolan
Region III (Central Luzon),Zambales,Cabangan
Region III (Central Luzon),Zambales,Candelaria
Region III (Central Luzon),Zambales,Castillejos
Region III (Central Luzon),Zambales,Iba
Region III (Central Luzon),Zambales,Masinloc
Region III (Central Luzon),Zambales,Palauig
Region III (Central Luzon),Zambales,San Antonio
Region III (Central Luzon),Zambales,San Felipe
Region III (Central Luzon),Zambales,San Marcelino
Region III (Central Luzon),Zambales,San Narciso
Region III (Central Luzon),Zambales,Santa Cruz
Region III (Central Luzon),Zambales,Subic
Region III (Central Luzon),City of Angeles,Subic
Region III (Central Luzon),City of Olongapo,Subic
Region IV-A (CALABARZON),Batangas,Agoncillo
Region IV-A (CALABARZON),Batangas,Alitagtag
Region IV-A (CALABARZON),Batangas,Balayan
Region IV-A (CALABARZON),Batangas,Balete
Region IV-A (CALABARZON),Batangas,Batangas City
Region IV-A (CALABARZON),Batangas,Bauan
Region IV-A (CALABARZON),Batangas,Calatagan
Region IV-A (CALABARZON),Batangas,City of Calaca
Region IV-A (CALABARZON),Batangas,City of Lipa
Region IV-A (CALABARZON),Batangas,City of Sto. Tomas
Region IV-A (CALABARZON),Batangas,City of Tanauan
Region IV-A (CALABARZON),Batangas,Cuenca
Region IV-A (CALABARZON),Batangas,Ibaan
Region IV-A (CALABARZON),Batangas,Laurel
Region IV-A (CALABARZON),Batangas,Lemery
Region IV-A (CALABARZON),Batangas,Lian
Region IV-A (CALABARZON),Batangas,Lobo
Region IV-A (CALABARZON),Batangas,Mabini
Region IV-A (CALABARZON),Batangas,Malvar
Region IV-A (CALABARZON),Batangas,Mataasnakahoy
Region IV-A (CALABARZON),Batangas,Nasugbu
Region IV-A (CALABARZON),Batangas,Padre Garcia
Region IV-A (CALABARZON),Batangas,Rosario
Region IV-A (CALABARZON),Batangas,San Jose
Region IV-A (CALABARZON),Batangas,San Juan
Region IV-A (CALABARZON),Batangas,San Luis
Region IV-A (CALABARZON),Batangas,San Nicolas
Region IV-A (CALABARZON),Batangas,San Pascual
Region IV-A (CALABARZON),Batangas,Santa Teresita
Region IV-A (CALABARZON),Batangas,Taal
Region IV-A (CALABARZON),Batangas,Talisay
Region IV-A (CALABARZON),Batangas,Taysan
Region IV-A (CALABARZON),Batangas,Tingloy
Region IV-A (CALABARZON),Batangas,Tuy
Region IV-A (CALABARZON),Cavite,Alfonso
Region IV-A (CALABARZON),Cavite,Amadeo
Region IV-A (CALABARZON),Cavite,City of Bacoor
Region IV-A (CALABARZON),Cavite,City of Carmona
Region IV-A (CALABARZON),Cavite,City of Cavite
Region IV-A (CALABARZON),Cavite,City of Dasmariñas
Region IV-A (CALABARZON),Cavite,City of General Trias
Region IV-A (CALABARZON),Cavite,City of Imus
Region IV-A (CALABARZON),Cavite,City of Tagaytay
Region IV-A (CALABARZON),Cavite,City of Trece Martires
Region IV-A (CALABARZON),Cavite,Gen. Mariano Alvarez
Region IV-A (CALABARZON),Cavite,General Emilio Aguinaldo
Region IV-A (CALABARZON),Cavite,Indang
Region IV-A (CALABARZON),Cavite,Kawit
Region IV-A (CALABARZON),Cavite,Magallanes
Region IV-A (CALABARZON),Cavite,Maragondon
Region IV-A (CALABARZON),Cavite,Mendez
Region IV-A (CALABARZON),Cavite,Naic
Region IV-A (CALABARZON),Cavite,Noveleta
Region IV-A (CALABARZON),Cavite,Rosario
Region IV-A (CALABARZON),Cavite,Silang
Region IV-A (CALABARZON),Cavite,Tanza
Region IV-A (CALABARZON),Cavite,Ternate
Region IV-A (CALABARZON),Laguna,Alaminos
Region IV-A (CALABARZON),Laguna,Bay
Region IV-A (CALABARZON),Laguna,Calauan
Region IV-A (CALABARZON),Laguna,Cavinti
Region IV-A (CALABARZON),Laguna,City of Biñan
Region IV-A (CALABARZON),Laguna,City of Cabuyao
Region IV-A (CALABARZON),Laguna,City of Calamba
Region IV-A (CALABARZON),Laguna,City of San Pablo
Region IV-A (CALABARZON),Laguna,City of San Pedro
Region IV-A (CALABARZON),Laguna,City of Santa Rosa
Region IV-A (CALABARZON),Laguna,Famy
Region IV-A (CALABARZON),Laguna,Kalayaan
Region IV-A (CALABARZON),Laguna,Liliw
Region IV-A (CALABARZON),Laguna,Los Baños
Region IV-A (CALABARZON),Laguna,Luisiana
Region IV-A (CALABARZON),Laguna,Lumban
Region IV-A (CALABARZON),Laguna,Mabitac
Region IV-A (CALABARZON),Laguna,Magdalena
Region IV-A (CALABARZON),Laguna,Majayjay
Region IV-A (CALABARZON),Laguna,Nagcarlan
Region IV-A (CALABARZON),Laguna,Paete
Region IV-A (CALABARZON),Laguna,Pagsanjan
Region IV-A (CALABARZON),Laguna,Pakil
Region IV-A (CALABARZON),Laguna,Pangil
Region IV-A (CALABARZON),Laguna,Pila
Region IV-A (CALABARZON),Laguna,Rizal
Region IV-A (CALABARZON),Laguna,Santa Cruz
Region IV-A (CALABARZON),Laguna,Santa Maria
Region IV-A (CALABARZON),Laguna,Siniloan
Region IV-A (CALABARZON),Laguna,Victoria
Region IV-A (CALABARZON),Quezon,Agdangan
Region IV-A (CALABARZON),Quezon,Alabat
Region IV-A (CALABARZON),Quezon,Atimonan
Region IV-A (CALABARZON),Quezon,Buenavista
Region IV-A (CALABARZON),Quezon,Burdeos
Region IV-A (CALABARZON),Quezon,Calauag
Region IV-A (CALABARZON),Quezon,Candelaria
Region IV-A (CALABARZON),Quezon,Catanauan
Region IV-A (CALABARZON),Quezon,City of Tayabas
Region IV-A (CALABARZON),Quezon,Dolores
Region IV-A (CALABARZON),Quezon,General Luna
Region IV-A (CALABARZON),Quezon,General Nakar
Region IV-A (CALABARZON),Quezon,Guinayangan
Region IV-A (CALABARZON),Quezon,Gumaca
Region IV-A (CALABARZON),Quezon,Infanta
Region IV-A (CALABARZON),Quezon,Jomalig
Region IV-A (CALABARZON),Quezon,Lopez
Region IV-A (CALABARZON),Quezon,Lucban
Region IV-A (CALABARZON),Quezon,Macalelon
Region IV-A (CALABARZON),Quezon,Mauban
Region IV-A (CALABARZON),Quezon,Mulanay
Region IV-A (CALABARZON),Quezon,Padre Burgos
Region IV-A (CALABARZON),Quezon,Pagbilao
Region IV-A (CALABARZON),Quezon,Panukulan
Region IV-A (CALABARZON),Quezon,Patnanungan
Region IV-A (CALABARZON),Quezon,Perez
Region IV-A (CALABARZON),Quezon,Pitogo
Region IV-A (CALABARZON),Quezon,Plaridel
Region IV-A (CALABARZON),Quezon,Polillo
Region IV-A (CALABARZON),Quezon,Quezon
Region IV-A (CALABARZON),Quezon,Real
Region IV-A (CALABARZON),Quezon,Sampaloc
Region IV-A (CALABARZON),Quezon,San Andres
Region IV-A (CALABARZON),Quezon,San Antonio
Region IV-A (CALABARZON),Quezon,San Francisco
Region IV-A (CALABARZON),Quezon,San Narciso
Region IV-A (CALABARZON),Quezon,Sariaya
Region IV-A (CALABARZON),Quezon,Tagkawayan
Region IV-A (CALABARZON),Quezon,Tiaong
Region IV-A (CALABARZON),Quezon,Unisan
Region IV-A (CALABARZON),Rizal,Angono
Region IV-A (CALABARZON),Rizal,Baras
Region IV-A (CALABARZON),Rizal,Binangonan
Region IV-A (CALABARZON),Rizal,Cainta
Region IV-A (CALABARZON),Rizal,Cardona
Region IV-A (CALABARZON),Rizal,City of Antipolo
Region IV-A (CALABARZON),Rizal,Jala-Jala
Region IV-A (CALABARZON),Rizal,Morong
Region IV-A (CALABARZON),Rizal,Pililla
Region IV-A (CALABARZON),Rizal,Rodriguez
Region IV-A (CALABARZON),Rizal,San Mateo
Region IV-A (CALABARZON),Rizal,Tanay
Region IV-A (CALABARZON),Rizal,Taytay
Region IV-A (CALABARZON),Rizal,Teresa
Region IV-A (CALABARZON),City of Lucena,Teresa
Region IX (Zamboanga Peninsula),City of Isabela (Not a Province),City of Isabela
Region IX (Zamboanga Peninsula),Sulu,Hadji Panglima Tahil
Region IX (Zamboanga Peninsula),Sulu,Indanan
Region IX (Zamboanga Peninsula),Sulu,Jolo
Region IX (Zamboanga Peninsula),Sulu,Kalingalan Caluang
Region IX (Zamboanga Peninsula),Sulu,Lugus
Region IX (Zamboanga Peninsula),Sulu,Luuk
Region IX (Zamboanga Peninsula),Sulu,Maimbung
Region IX (Zamboanga Peninsula),Sulu,Old Panamao
Region IX (Zamboanga Peninsula),Sulu,Omar
Region IX (Zamboanga Peninsula),Sulu,Pandami
Region IX (Zamboanga Peninsula),Sulu,Panglima Estino
Region IX (Zamboanga Peninsula),Sulu,Pangutaran
Region IX (Zamboanga Peninsula),Sulu,Parang
Region IX (Zamboanga Peninsula),Sulu,Pata
Region IX (Zamboanga Peninsula),Sulu,Patikul
Region IX (Zamboanga Peninsula),Sulu,Siasi
Region IX (Zamboanga Peninsula),Sulu,Talipao
Region IX (Zamboanga Peninsula),Sulu,Tapul
Region IX (Zamboanga Peninsula),Sulu,Tongkil
Region IX (Zamboanga Peninsula),Zamboanga Sibugay,Alicia
Region IX (Zamboanga Peninsula),Zamboanga Sibugay,Buug
Region IX (Zamboanga Peninsula),Zamboanga Sibugay,Diplahan
Region IX (Zamboanga Peninsula),Zamboanga Sibugay,Imelda
Region IX (Zamboanga Peninsula),Zamboanga Sibugay,Ipil
Region IX (Zamboanga Peninsula),Zamboanga Sibugay,Kabasalan
Region IX (Zamboanga Peninsula),Zamboanga Sibugay,Mabuhay
Region IX (Zamboanga Peninsula),Zamboanga Sibugay,Malangas
Region IX (Zamboanga Peninsula),Zamboanga Sibugay,Naga
Region IX (Zamboanga Peninsula),Zamboanga Sibugay,Olutanga
Region IX (Zamboanga Peninsula),Zamboanga Sibugay,Payao
Region IX (Zamboanga Peninsula),Zamboanga Sibugay,Roseller Lim
Region IX (Zamboanga Peninsula),Zamboanga Sibugay,Siay
Region IX (Zamboanga Peninsula),Zamboanga Sibugay,Talusan
Region IX (Zamboanga Peninsula),Zamboanga Sibugay,Titay
Region IX (Zamboanga Peninsula),Zamboanga Sibugay,Tungawan
Region IX (Zamboanga Peninsula),Zamboanga del Norte,Baliguian
Region IX (Zamboanga Peninsula),Zamboanga del Norte,City of Dapitan
Region IX (Zamboanga Peninsula),Zamboanga del Norte,City of Dipolog
Region IX (Zamboanga Peninsula),Zamboanga del Norte,Godod
Region IX (Zamboanga Peninsula),Zamboanga del Norte,Gutalac
Region IX (Zamboanga Peninsula),Zamboanga del Norte,Jose Dalman
Region IX (Zamboanga Peninsula),Zamboanga del Norte,Kalawit
Region IX (Zamboanga Peninsula),Zamboanga del Norte,Katipunan
Region IX (Zamboanga Peninsula),Zamboanga del Norte,La Libertad
Region IX (Zamboanga Peninsula),Zamboanga del Norte,Labason
Region IX (Zamboanga Peninsula),Zamboanga del Norte,Leon T. Postigo
Region IX (Zamboanga Peninsula),Zamboanga del Norte,Liloy
Region IX (Zamboanga Peninsula),Zamboanga del Norte,Manukan
Region IX (Zamboanga Peninsula),Zamboanga del Norte,Mutia
Region IX (Zamboanga Peninsula),Zamboanga del Norte,Piñan
Region IX (Zamboanga Peninsula),Zamboanga del Norte,Polanco
Region IX (Zamboanga Peninsula),Zamboanga del Norte,Pres. Manuel A. Roxas
Region IX (Zamboanga Peninsula),Zamboanga del Norte,Rizal
Region IX (Zamboanga Peninsula),Zamboanga del Norte,Salug
Region IX (Zamboanga Peninsula),Zamboanga del Norte,Sergio Osmeña Sr.
Region IX (Zamboanga Peninsula),Zamboanga del Norte,Siayan
Region IX (Zamboanga Peninsula),Zamboanga del Norte,Sibuco
Region IX (Zamboanga Peninsula),Zamboanga del Norte,Sibutad
Region IX (Zamboanga Peninsula),Zamboanga del Norte,Sindangan
Region IX (Zamboanga Peninsula),Zamboanga del Norte,Siocon
Region IX (Zamboanga Peninsula),Zamboanga del Norte,Sirawai
Region IX (Zamboanga Peninsula),Zamboanga del Norte,Tampilisan
Region IX (Zamboanga Peninsula),Zamboanga del Sur,Aurora
Region IX (Zamboanga Peninsula),Zamboanga del Sur,Bayog
Region IX (Zamboanga Peninsula),Zamboanga del Sur,City of Pagadian
Region IX (Zamboanga Peninsula),Zamboanga del Sur,Dimataling
Region IX (Zamboanga Peninsula),Zamboanga del Sur,Dinas
Region IX (Zamboanga Peninsula),Zamboanga del Sur,Dumalinao
Region IX (Zamboanga Peninsula),Zamboanga del Sur,Dumingag
Region IX (Zamboanga Peninsula),Zamboanga del Sur,Guipos
Region IX (Zamboanga Peninsula),Zamboanga del Sur,Josefina
Region IX (Zamboanga Peninsula),Zamboanga del Sur,Kumalarang
Region IX (Zamboanga Peninsula),Zamboanga del Sur,Labangan
Region IX (Zamboanga Peninsula),Zamboanga del Sur,Lakewood
Region IX (Zamboanga Peninsula),Zamboanga del Sur,Lapuyan
Region IX (Zamboanga Peninsula),Zamboanga del Sur,Mahayag
Region IX (Zamboanga Peninsula),Zamboanga del Sur,Margosatubig
Region IX (Zamboanga Peninsula),Zamboanga del Sur,Midsalip
Region IX (Zamboanga Peninsula),Zamboanga del Sur,Molave
Region IX (Zamboanga Peninsula),Zamboanga del Sur,Pitogo
Region IX (Zamboanga Peninsula),Zamboanga del Sur,Ramon Magsaysay
Region IX (Zamboanga Peninsula),Zamboanga del Sur,San Miguel
Region IX (Zamboanga Peninsula),Zamboanga del Sur,San Pablo
Region IX (Zamboanga Peninsula),Zamboanga del Sur,Sominot
Region IX (Zamboanga Peninsula),Zamboanga del Sur,Tabina
Region IX (Zamboanga Peninsula),Zamboanga del Sur,Tambulig
Region IX (Zamboanga Peninsula),Zamboanga del Sur,Tigbao
Region IX (Zamboanga Peninsula),Zamboanga del Sur,Tukuran
Region IX (Zamboanga Peninsula),Zamboanga del Sur,Vincenzo A. Sagun
Region IX (Zamboanga Peninsula),City of Zamboanga,Vincenzo A. Sagun
Region V (Bicol Region),Albay,Bacacay
Region V (Bicol Region),Albay,Camalig
Region V (Bicol Region),Albay,City of Legazpi
Region V (Bicol Region),Albay,City of Ligao
Region V (Bicol Region),Albay,City of Tabaco
Region V (Bicol Region),Albay,Daraga
Region V (Bicol Region),Albay,Guinobatan
Region V (Bicol Region),Albay,Jovellar
Region V (Bicol Region),Albay,Libon
Region V (Bicol Region),Albay,Malilipot
Region V (Bicol Region),Albay,Malinao
Region V (Bicol Region),Albay,Manito
Region V (Bicol Region),Albay,Oas
Region V (Bicol Region),Albay,Pio Duran
Region V (Bicol Region),Albay,Polangui
Region V (Bicol Region),Albay,Rapu-Rapu
Region V (Bicol Region),Albay,Santo Domingo
Region V (Bicol Region),Albay,Tiwi
Region V (Bicol Region),Camarines Norte,Basud
Region V (Bicol Region),Camarines Norte,Capalonga
Region V (Bicol Region),Camarines Norte,Daet
Region V (Bicol Region),Camarines Norte,Jose Panganiban
Region V (Bicol Region),Camarines Norte,Labo
Region V (Bicol Region),Camarines Norte,Mercedes
Region V (Bicol Region),Camarines Norte,Paracale
Region V (Bicol Region),Camarines Norte,San Lorenzo Ruiz
Region V (Bicol Region),Camarines Norte,San Vicente
Region V (Bicol Region),Camarines Norte,Santa Elena
Region V (Bicol Region),Camarines Norte,Talisay
Region V (Bicol Region),Camarines Norte,Vinzons
Region V (Bicol Region),Camarines Sur,Baao
Region V (Bicol Region),Camarines Sur,Balatan
Region V (Bicol Region),Camarines Sur,Bato
Region V (Bicol Region),Camarines Sur,Bombon
Region V (Bicol Region),Camarines Sur,Buhi
Region V (Bicol Region),Camarines Sur,Bula
Region V (Bicol Region),Camarines Sur,Cabusao
Region V (Bicol Region),Camarines Sur,Calabanga
Region V (Bicol Region),Camarines Sur,Camaligan
Region V (Bicol Region),Camarines Sur,Canaman
Region V (Bicol Region),Camarines Sur,Caramoan
Region V (Bicol Region),Camarines Sur,City of Iriga
Region V (Bicol Region),Camarines Sur,City of Naga
Region V (Bicol Region),Camarines Sur,Del Gallego
Region V (Bicol Region),Camarines Sur,Gainza
Region V (Bicol Region),Camarines Sur,Garchitorena
Region V (Bicol Region),Camarines Sur,Goa
Region V (Bicol Region),Camarines Sur,Lagonoy
Region V (Bicol Region),Camarines Sur,Libmanan
Region V (Bicol Region),Camarines Sur,Lupi
Region V (Bicol Region),Camarines Sur,Magarao
Region V (Bicol Region),Camarines Sur,Milaor
Region V (Bicol Region),Camarines Sur,Minalabac
Region V (Bicol Region),Camarines Sur,Nabua
Region V (Bicol Region),Camarines Sur,Ocampo
Region V (Bicol Region),Camarines Sur,Pamplona
Region V (Bicol Region),Camarines Sur,Pasacao
Region V (Bicol Region),Camarines Sur,Pili
Region V (Bicol Region),Camarines Sur,Presentacion
Region V (Bicol Region),Camarines Sur,Ragay
Region V (Bicol Region),Camarines Sur,Sagñay
Region V (Bicol Region),Camarines Sur,San Fernando
Region V (Bicol Region),Camarines Sur,San Jose
Region V (Bicol Region),Camarines Sur,Sipocot
Region V (Bicol Region),Camarines Sur,Siruma
Region V (Bicol Region),Camarines Sur,Tigaon
Region V (Bicol Region),Camarines Sur,Tinambac
Region V (Bicol Region),Catanduanes,Bagamanoc
Region V (Bicol Region),Catanduanes,Baras
Region V (Bicol Region),Catanduanes,Bato
Region V (Bicol Region),Catanduanes,Caramoran
Region V (Bicol Region),Catanduanes,Gigmoto
Region V (Bicol Region),Catanduanes,Pandan
Region V (Bicol Region),Catanduanes,Panganiban
Region V (Bicol Region),Catanduanes,San Andres
Region V (Bicol Region),Catanduanes,San Miguel
Region V (Bicol Region),Catanduanes,Viga
Region V (Bicol Region),Catanduanes,Virac
Region V (Bicol Region),Masbate,Aroroy
Region V (Bicol Region),Masbate,Baleno
Region V (Bicol Region),Masbate,Balud
Region V (Bicol Region),Masbate,Batuan
Region V (Bicol Region),Masbate,Cataingan
Region V (Bicol Region),Masbate,Cawayan
Region V (Bicol Region),Masbate,City of Masbate
Region V (Bicol Region),Masbate,Claveria
Region V (Bicol Region),Masbate,Dimasalang
Region V (Bicol Region),Masbate,Esperanza
Region V (Bicol Region),Masbate,Mandaon
Region V (Bicol Region),Masbate,Milagros
Region V (Bicol Region),Masbate,Mobo
Region V (Bicol Region),Masbate,Monreal
Region V (Bicol Region),Masbate,Palanas
Region V (Bicol Region),Masbate,Pio V. Corpus
Region V (Bicol Region),Masbate,Placer
Region V (Bicol Region),Masbate,San Fernando
Region V (Bicol Region),Masbate,San Jacinto
Region V (Bicol Region),Masbate,San Pascual
Region V (Bicol Region),Masbate,Uson
Region V (Bicol Region),Sorsogon,Barcelona
Region V (Bicol Region),Sorsogon,Bulan
Region V (Bicol Region),Sorsogon,Bulusan
Region V (Bicol Region),Sorsogon,Casiguran
Region V (Bicol Region),Sorsogon,Castilla
Region V (Bicol Region),Sorsogon,City of Sorsogon
Region V (Bicol Region),Sorsogon,Donsol
Region V (Bicol Region),Sorsogon,Gubat
Region V (Bicol Region),Sorsogon,Irosin
Region V (Bicol Region),Sorsogon,Juban
Region V (Bicol Region),Sorsogon,Magallanes
Region V (Bicol Region),Sorsogon,Matnog
Region V (Bicol Region),Sorsogon,Pilar
Region V (Bicol Region),Sorsogon,Prieto Diaz
Region V (Bicol Region),Sorsogon,Santa Magdalena
Region VI (Western Visayas),Aklan,Altavas
Region VI (Western Visayas),Aklan,Balete
Region VI (Western Visayas),Aklan,Banga
Region VI (Western Visayas),Aklan,Batan
Region VI (Western Visayas),Aklan,Buruanga
Region VI (Western Visayas),Aklan,Ibajay
Region VI (Western Visayas),Aklan,Kalibo
Region VI (Western Visayas),Aklan,Lezo
Region VI (Western Visayas),Aklan,Libacao
Region VI (Western Visayas),Aklan,Madalag
Region VI (Western Visayas),Aklan,Makato
Region VI (Western Visayas),Aklan,Malay
Region VI (Western Visayas),Aklan,Malinao
Region VI (Western Visayas),Aklan,Nabas
Region VI (Western Visayas),Aklan,New Washington
Region VI (Western Visayas),Aklan,Numancia
Region VI (Western Visayas),Aklan,Tangalan
Region VI (Western Visayas),Antique,Anini-Y
Region VI (Western Visayas),Antique,Barbaza
Region VI (Western Visayas),Antique,Belison
Region VI (Western Visayas),Antique,Bugasong
Region VI (Western Visayas),Antique,Caluya
Region VI (Western Visayas),Antique,Culasi
Region VI (Western Visayas),Antique,Hamtic
Region VI (Western Visayas),Antique,Laua-An
Region VI (Western Visayas),Antique,Libertad
Region VI (Western Visayas),Antique,Pandan
Region VI (Western Visayas),Antique,Patnongon
Region VI (Western Visayas),Antique,San Jose
Region VI (Western Visayas),Antique,San Remigio
Region VI (Western Visayas),Antique,Sebaste
Region VI (Western Visayas),Antique,Sibalom
Region VI (Western Visayas),Antique,Tibiao
Region VI (Western Visayas),Antique,Tobias Fornier
Region VI (Western Visayas),Antique,Valderrama
Region VI (Western Visayas),Capiz,City of Roxas
Region VI (Western Visayas),Capiz,Cuartero
Region VI (Western Visayas),Capiz,Dao
Region VI (Western Visayas),Capiz,Dumalag
Region VI (Western Visayas),Capiz,Dumarao
Region VI (Western Visayas),Capiz,Ivisan
Region VI (Western Visayas),Capiz,Jamindan
Region VI (Western Visayas),Capiz,Ma-Ayon
Region VI (Western Visayas),Capiz,Mambusao
Region VI (Western Visayas),Capiz,Panay
Region VI (Western Visayas),Capiz,Panitan
Region VI (Western Visayas),Capiz,Pilar
Region VI (Western Visayas),Capiz,Pontevedra
Region VI (Western Visayas),Capiz,President Roxas
Region VI (Western Visayas),Capiz,Sapi-An
Region VI (Western Visayas),Capiz,Sigma
Region VI (Western Visayas),Capiz,Tapaz
Region VI (Western Visayas),Guimaras,Buenavista
Region VI (Western Visayas),Guimaras,Jordan
Region VI (Western Visayas),Guimaras,Nueva Valencia
Region VI (Western Visayas),Guimaras,San Lorenzo
Region VI (Western Visayas),Guimaras,Sibunag
Region VI (Western Visayas),Iloilo,Ajuy
Region VI (Western Visayas),Iloilo,Alimodian
Region VI (Western Visayas),Iloilo,Anilao
Region VI (Western Visayas),Iloilo,Badiangan
Region VI (Western Visayas),Iloilo,Balasan
Region VI (Western Visayas),Iloilo,Banate
Region VI (Western Visayas),Iloilo,Barotac Nuevo
Region VI (Western Visayas),Iloilo,Barotac Viejo
Region VI (Western Visayas),Iloilo,Batad
Region VI (Western Visayas),Iloilo,Bingawan
Region VI (Western Visayas),Iloilo,Cabatuan
Region VI (Western Visayas),Iloilo,Calinog
Region VI (Western Visayas),Iloilo,Carles
Region VI (Western Visayas),Iloilo,City of Passi
Region VI (Western Visayas),Iloilo,Concepcion
Region VI (Western Visayas),Iloilo,Dingle
Region VI (Western Visayas),Iloilo,Dueñas
Region VI (Western Visayas),Iloilo,Dumangas
Region VI (Western Visayas),Iloilo,Estancia
Region VI (Western Visayas),Iloilo,Guimbal
Region VI (Western Visayas),Iloilo,Igbaras
Region VI (Western Visayas),Iloilo,Janiuay
Region VI (Western Visayas),Iloilo,Lambunao
Region VI (Western Visayas),Iloilo,Leganes
Region VI (Western Visayas),Iloilo,Lemery
Region VI (Western Visayas),Iloilo,Leon
Region VI (Western Visayas),Iloilo,Maasin
Region VI (Western Visayas),Iloilo,Miagao
Region VI (Western Visayas),Iloilo,Mina
Region VI (Western Visayas),Iloilo,New Lucena
Region VI (Western Visayas),Iloilo,Oton
Region VI (Western Visayas),Iloilo,Pavia
Region VI (Western Visayas),Iloilo,Pototan
Region VI (Western Visayas),Iloilo,San Dionisio
Region VI (Western Visayas),Iloilo,San Enrique
Region VI (Western Visayas),Iloilo,San Joaquin
Region VI (Western Visayas),Iloilo,San Miguel
Region VI (Western Visayas),Iloilo,San Rafael
Region VI (Western Visayas),Iloilo,Santa Barbara
Region VI (Western Visayas),Iloilo,Sara
Region VI (Western Visayas),Iloilo,Tigbauan
Region VI (Western Visayas),Iloilo,Tubungan
Region VI (Western Visayas),Iloilo,Zarraga
Region VI (Western Visayas),City of Iloilo,Zarraga
Region VII (Central Visayas),Bohol,Alburquerque
Region VII (Central Visayas),Bohol,Alicia
Region VII (Central Visayas),Bohol,Anda
Region VII (Central Visayas),Bohol,Antequera
Region VII (Central Visayas),Bohol,Baclayon
Region VII (Central Visayas),Bohol,Balilihan
Region VII (Central Visayas),Bohol,Batuan
Region VII (Central Visayas),Bohol,Bien Unido
Region VII (Central Visayas),Bohol,Bilar
Region VII (Central Visayas),Bohol,Buenavista
Region VII (Central Visayas),Bohol,Calape
Region VII (Central Visayas),Bohol,Candijay
Region VII (Central Visayas),Bohol,Carmen
Region VII (Central Visayas),Bohol,Catigbian
Region VII (Central Visayas),Bohol,City of Tagbilaran
Region VII (Central Visayas),Bohol,Clarin
Region VII (Central Visayas),Bohol,Corella
Region VII (Central Visayas),Bohol,Cortes
Region VII (Central Visayas),Bohol,Dagohoy
Region VII (Central Visayas),Bohol,Danao
Region VII (Central Visayas),Bohol,Dauis
Region VII (Central Visayas),Bohol,Dimiao
Region VII (Central Visayas),Bohol,Duero
Region VII (Central Visayas),Bohol,Garcia Hernandez
Region VII (Central Visayas),Bohol,Getafe
Region VII (Central Visayas),Bohol,Guindulman
Region VII (Central Visayas),Bohol,Inabanga
Region VII (Central Visayas),Bohol,Jagna
Region VII (Central Visayas),Bohol,Lila
Region VII (Central Visayas),Bohol,Loay
Region VII (Central Visayas),Bohol,Loboc
Region VII (Central Visayas),Bohol,Loon
Region VII (Central Visayas),Bohol,Mabini
Region VII (Central Visayas),Bohol,Maribojoc
Region VII (Central Visayas),Bohol,Panglao
Region VII (Central Visayas),Bohol,Pilar
Region VII (Central Visayas),Bohol,President Carlos P. Garcia
Region VII (Central Visayas),Bohol,Sagbayan
Region VII (Central Visayas),Bohol,San Isidro
Region VII (Central Visayas),Bohol,San Miguel
Region VII (Central Visayas),Bohol,Sevilla
Region VII (Central Visayas),Bohol,Sierra Bullones
Region VII (Central Visayas),Bohol,Sikatuna
Region VII (Central Visayas),Bohol,Talibon
Region VII (Central Visayas),Bohol,Trinidad
Region VII (Central Visayas),Bohol,Tubigon
Region VII (Central Visayas),Bohol,Ubay
Region VII (Central Visayas),Bohol,Valencia
Region VII (Central Visayas),Cebu,Alcantara
Region VII (Central Visayas),Cebu,Alcoy
Region VII (Central Visayas),Cebu,Alegria
Region VII (Central Visayas),Cebu,Aloguinsan
Region VII (Central Visayas),Cebu,Argao
Region VII (Central Visayas),Cebu,Asturias
Region VII (Central Visayas),Cebu,Badian
Region VII (Central Visayas),Cebu,Balamban
Region VII (Central Visayas),Cebu,Bantayan
Region VII (Central Visayas),Cebu,Barili
Region VII (Central Visayas),Cebu,Boljoon
Region VII (Central Visayas),Cebu,Borbon
Region VII (Central Visayas),Cebu,Carmen
Region VII (Central Visayas),Cebu,Catmon
Region VII (Central Visayas),Cebu,City of Bogo
Region VII (Central Visayas),Cebu,City of Carcar
Region VII (Central Visayas),Cebu,City of Naga
Region VII (Central Visayas),Cebu,City of Talisay
Region VII (Central Visayas),Cebu,City of Toledo
Region VII (Central Visayas),Cebu,Compostela
Region VII (Central Visayas),Cebu,Consolacion
Region VII (Central Visayas),Cebu,Cordova
Region VII (Central Visayas),Cebu,Daanbantayan
Region VII (Central Visayas),Cebu,Dalaguete
Region VII (Central Visayas),Cebu,Danao City
Region VII (Central Visayas),Cebu,Dumanjug
Region VII (Central Visayas),Cebu,Ginatilan
Region VII (Central Visayas),Cebu,Liloan
Region VII (Central Visayas),Cebu,Madridejos
Region VII (Central Visayas),Cebu,Malabuyoc
Region VII (Central Visayas),Cebu,Medellin
Region VII (Central Visayas),Cebu,Minglanilla
Region VII (Central Visayas),Cebu,Moalboal
Region VII (Central Visayas),Cebu,Oslob
Region VII (Central Visayas),Cebu,Pilar
Region VII (Central Visayas),Cebu,Pinamungajan
Region VII (Central Visayas),Cebu,Poro
Region VII (Central Visayas),Cebu,Ronda
Region VII (Central Visayas),Cebu,Samboan
Region VII (Central Visayas),Cebu,San Fernando
Region VII (Central Visayas),Cebu,San Francisco
Region VII (Central Visayas),Cebu,San Remigio
Region VII (Central Visayas),Cebu,Santa Fe
Region VII (Central Visayas),Cebu,Santander
Region VII (Central Visayas),Cebu,Sibonga
Region VII (Central Visayas),Cebu,Sogod
Region VII (Central Visayas),Cebu,Tabogon
Region VII (Central Visayas),Cebu,Tabuelan
Region VII (Central Visayas),Cebu,Tuburan
Region VII (Central Visayas),Cebu,Tudela
Region VII (Central Visayas),City of Cebu,Tudela
Region VII (Central Visayas),City of Lapu-Lapu,Tudela
Region VII (Central Visayas),City of Mandaue,Tudela
Region VIII (Eastern Visayas),Biliran,Almeria
Region VIII (Eastern Visayas),Biliran,Biliran
Region VIII (Eastern Visayas),Biliran,Cabucgayan
Region VIII (Eastern Visayas),Biliran,Caibiran
Region VIII (Eastern Visayas),Biliran,Culaba
Region VIII (Eastern Visayas),Biliran,Kawayan
Region VIII (Eastern Visayas),Biliran,Maripipi
Region VIII (Eastern Visayas),Biliran,Naval
Region VIII (Eastern Visayas),Eastern Samar,Arteche
Region VIII (Eastern Visayas),Eastern Samar,Balangiga
Region VIII (Eastern Visayas),Eastern Samar,Balangkayan
Region VIII (Eastern Visayas),Eastern Samar,Can-Avid
Region VIII (Eastern Visayas),Eastern Samar,City of Borongan
Region VIII (Eastern Visayas),Eastern Samar,Dolores
Region VIII (Eastern Visayas),Eastern Samar,General Macarthur
Region VIII (Eastern Visayas),Eastern Samar,Giporlos
Region VIII (Eastern Visayas),Eastern Samar,Guiuan
Region VIII (Eastern Visayas),Eastern Samar,Hernani
Region VIII (Eastern Visayas),Eastern Samar,Jipapad
Region VIII (Eastern Visayas),Eastern Samar,Lawaan
Region VIII (Eastern Visayas),Eastern Samar,Llorente
Region VIII (Eastern Visayas),Eastern Samar,Maslog
Region VIII (Eastern Visayas),Eastern Samar,Maydolong
Region VIII (Eastern Visayas),Eastern Samar,Mercedes
Region VIII (Eastern Visayas),Eastern Samar,Oras
Region VIII (Eastern Visayas),Eastern Samar,Quinapondan
Region VIII (Eastern Visayas),Eastern Samar,Salcedo
Region VIII (Eastern Visayas),Eastern Samar,San Julian
Region VIII (Eastern Visayas),Eastern Samar,San Policarpo
Region VIII (Eastern Visayas),Eastern Samar,Sulat
Region VIII (Eastern Visayas),Eastern Samar,Taft
Region VIII (Eastern Visayas),Leyte,Abuyog
Region VIII (Eastern Visayas),Leyte,Alangalang
Region VIII (Eastern Visayas),Leyte,Albuera
Region VIII (Eastern Visayas),Leyte,Babatngon
Region VIII (Eastern Visayas),Leyte,Barugo
Region VIII (Eastern Visayas),Leyte,Bato
Region VIII (Eastern Visayas),Leyte,Burauen
Region VIII (Eastern Visayas),Leyte,Calubian
Region VIII (Eastern Visayas),Leyte,Capoocan
Region VIII (Eastern Visayas),Leyte,Carigara
Region VIII (Eastern Visayas),Leyte,City of Baybay
Region VIII (Eastern Visayas),Leyte,Dagami
Region VIII (Eastern Visayas),Leyte,Dulag
Region VIII (Eastern Visayas),Leyte,Hilongos
Region VIII (Eastern Visayas),Leyte,Hindang
Region VIII (Eastern Visayas),Leyte,Inopacan
Region VIII (Eastern Visayas),Leyte,Isabel
Region VIII (Eastern Visayas),Leyte,Jaro
Region VIII (Eastern Visayas),Leyte,Javier
Region VIII (Eastern Visayas),Leyte,Julita
Region VIII (Eastern Visayas),Leyte,Kananga
Region VIII (Eastern Visayas),Leyte,La Paz
Region VIII (Eastern Visayas),Leyte,Leyte
Region VIII (Eastern Visayas),Leyte,Macarthur
Region VIII (Eastern Visayas),Leyte,Mahaplag
Region VIII (Eastern Visayas),Leyte,Matag-Ob
Region VIII (Eastern Visayas),Leyte,Matalom
Region VIII (Eastern Visayas),Leyte,Mayorga
Region VIII (Eastern Visayas),Leyte,Merida
Region VIII (Eastern Visayas),Leyte,Ormoc City
Region VIII (Eastern Visayas),Leyte,Palo
Region VIII (Eastern Visayas),Leyte,Palompon
Region VIII (Eastern Visayas),Leyte,Pastrana
Region VIII (Eastern Visayas),Leyte,San Isidro
Region VIII (Eastern Visayas),Leyte,San Miguel
Region VIII (Eastern Visayas),Leyte,Santa Fe
Region VIII (Eastern Visayas),Leyte,Tabango
Region VIII (Eastern Visayas),Leyte,Tabontabon
Region VIII (Eastern Visayas),Leyte,Tanauan
Region VIII (Eastern Visayas),Leyte,Tolosa
Region VIII (Eastern Visayas),Leyte,Tunga
Region VIII (Eastern Visayas),Leyte,Villaba
Region VIII (Eastern Visayas),Northern Samar,Allen
Region VIII (Eastern Visayas),Northern Samar,Biri
Region VIII (Eastern Visayas),Northern Samar,Bobon
Region VIII (Eastern Visayas),Northern Samar,Capul
Region VIII (Eastern Visayas),Northern Samar,Catarman
Region VIII (Eastern Visayas),Northern Samar,Catubig
Region VIII (Eastern Visayas),Northern Samar,Gamay
Region VIII (Eastern Visayas),Northern Samar,Laoang
Region VIII (Eastern Visayas),Northern Samar,Lapinig
Region VIII (Eastern Visayas),Northern Samar,Las Navas
Region VIII (Eastern Visayas),Northern Samar,Lavezares
Region VIII (Eastern Visayas),Northern Samar,Lope De Vega
Region VIII (Eastern Visayas),Northern Samar,Mapanas
Region VIII (Eastern Visayas),Northern Samar,Mondragon
Region VIII (Eastern Visayas),Northern Samar,Palapag
Region VIII (Eastern Visayas),Northern Samar,Pambujan
Region VIII (Eastern Visayas),Northern Samar,Rosario
Region VIII (Eastern Visayas),Northern Samar,San Antonio
Region VIII (Eastern Visayas),Northern Samar,San Isidro
Region VIII (Eastern Visayas),Northern Samar,San Jose
Region VIII (Eastern Visayas),Northern Samar,San Roque
Region VIII (Eastern Visayas),Northern Samar,San Vicente
Region VIII (Eastern Visayas),Northern Samar,Silvino Lobos
Region VIII (Eastern Visayas),Northern Samar,Victoria
Region VIII (Eastern Visayas),Samar,Almagro
Region VIII (Eastern Visayas),Samar,Basey
Region VIII (Eastern Visayas),Samar,Calbiga
Region VIII (Eastern Visayas),Samar,City of Calbayog
Region VIII (Eastern Visayas),Samar,City of Catbalogan
Region VIII (Eastern Visayas),Samar,Daram
Region VIII (Eastern Visayas),Samar,Gandara
Region VIII (Eastern Visayas),Samar,Hinabangan
Region VIII (Eastern Visayas),Samar,Jiabong
Region VIII (Eastern Visayas),Samar,Marabut
Region VIII (Eastern Visayas),Samar,Matuguinao
Region VIII (Eastern Visayas),Samar,Motiong
Region VIII (Eastern Visayas),Samar,Pagsanghan
Region VIII (Eastern Visayas),Samar,Paranas
Region VIII (Eastern Visayas),Samar,Pinabacdao
Region VIII (Eastern Visayas),Samar,San Jorge
Region VIII (Eastern Visayas),Samar,San Jose De Buan
Region VIII (Eastern Visayas),Samar,San Sebastian
Region VIII (Eastern Visayas),Samar,Santa Margarita
Region VIII (Eastern Visayas),Samar,Santa Rita
Region VIII (Eastern Visayas),Samar,Santo Niño
Region VIII (Eastern Visayas),Samar,Tagapul-An
Region VIII (Eastern Visayas),Samar,Talalora
Region VIII (Eastern Visayas),Samar,Tarangnan
Region VIII (Eastern Visayas),Samar,Villareal
Region VIII (Eastern Visayas),Samar,Zumarraga
Region VIII (Eastern Visayas),Southern Leyte,Anahawan
Region VIII (Eastern Visayas),Southern Leyte,Bontoc
Region VIII (Eastern Visayas),Southern Leyte,City of Maasin
Region VIII (Eastern Visayas),Southern Leyte,Hinunangan
Region VIII (Eastern Visayas),Southern Leyte,Hinundayan
Region VIII (Eastern Visayas),Southern Leyte,Libagon
Region VIII (Eastern Visayas),Southern Leyte,Liloan
Region VIII (Eastern Visayas),Southern Leyte,Limasawa
Region VIII (Eastern Visayas),Southern Leyte,Macrohon
Region VIII (Eastern Visayas),Southern Leyte,Malitbog
Region VIII (Eastern Visayas),Southern Leyte,Padre Burgos
Region VIII (Eastern Visayas),Southern Leyte,Pintuyan
Region VIII (Eastern Visayas),Southern Leyte,Saint Bernard
Region VIII (Eastern Visayas),Southern Leyte,San Francisco
Region VIII (Eastern Visayas),Southern Leyte,San Juan
Region VIII (Eastern Visayas),Southern Leyte,San Ricardo
Region VIII (Eastern Visayas),Southern Leyte,Silago
Region VIII (Eastern Visayas),Southern Leyte,Sogod
Region VIII (Eastern Visayas),Southern Leyte,Tomas Oppus
Region VIII (Eastern Visayas),City of Tacloban,Tomas Oppus
Region X (Northern Mindanao),Bukidnon,Baungon
Region X (Northern Mindanao),Bukidnon,Cabanglasan
Region X (Northern Mindanao),Bukidnon,City of Malaybalay
Region X (Northern Mindanao),Bukidnon,City of Valencia
Region X (Northern Mindanao),Bukidnon,Damulog
Region X (Northern Mindanao),Bukidnon,Dangcagan
Region X (Northern Mindanao),Bukidnon,Don Carlos
Region X (Northern Mindanao),Bukidnon,Impasug-ong
Region X (Northern Mindanao),Bukidnon,Kadingilan
Region X (Northern Mindanao),Bukidnon,Kalilangan
Region X (Northern Mindanao),Bukidnon,Kibawe
Region X (Northern Mindanao),Bukidnon,Kitaotao
Region X (Northern Mindanao),Bukidnon,Lantapan
Region X (Northern Mindanao),Bukidnon,Libona
Region X (Northern Mindanao),Bukidnon,Malitbog
Region X (Northern Mindanao),Bukidnon,Manolo Fortich
Region X (Northern Mindanao),Bukidnon,Maramag
Region X (Northern Mindanao),Bukidnon,Pangantucan
Region X (Northern Mindanao),Bukidnon,Quezon
Region X (Northern Mindanao),Bukidnon,San Fernando
Region X (Northern Mindanao),Bukidnon,Sumilao
Region X (Northern Mindanao),Bukidnon,Talakag
Region X (Northern Mindanao),Camiguin,Catarman
Region X (Northern Mindanao),Camiguin,Guinsiliban
Region X (Northern Mindanao),Camiguin,Mahinog
Region X (Northern Mindanao),Camiguin,Mambajao
Region X (Northern Mindanao),Camiguin,Sagay
Region X (Northern Mindanao),Lanao del Norte,Bacolod
Region X (Northern Mindanao),Lanao del Norte,Baloi
Region X (Northern Mindanao),Lanao del Norte,Baroy
Region X (Northern Mindanao),Lanao del Norte,Kapatagan
Region X (Northern Mindanao),Lanao del Norte,Kauswagan
Region X (Northern Mindanao),Lanao del Norte,Kolambugan
Region X (Northern Mindanao),Lanao del Norte,Lala
Region X (Northern Mindanao),Lanao del Norte,Linamon
Region X (Northern Mindanao),Lanao del Norte,Magsaysay
Region X (Northern Mindanao),Lanao del Norte,Maigo
Region X (Northern Mindanao),Lanao del Norte,Matungao
Region X (Northern Mindanao),Lanao del Norte,Munai
Region X (Northern Mindanao),Lanao del Norte,Nunungan
Region X (Northern Mindanao),Lanao del Norte,Pantao Ragat
Region X (Northern Mindanao),Lanao del Norte,Pantar
Region X (Northern Mindanao),Lanao del Norte,Poona Piagapo
Region X (Northern Mindanao),Lanao del Norte,Salvador
Region X (Northern Mindanao),Lanao del Norte,Sapad
Region X (Northern Mindanao),Lanao del Norte,Sultan Naga Dimaporo
Region X (Northern Mindanao),Lanao del Norte,Tagoloan
Region X (Northern Mindanao),Lanao del Norte,Tangcal
Region X (Northern Mindanao),Lanao del Norte,Tubod
Region X (Northern Mindanao),Misamis Occidental,Aloran
Region X (Northern Mindanao),Misamis Occidental,Baliangao
Region X (Northern Mindanao),Misamis Occidental,Bonifacio
Region X (Northern Mindanao),Misamis Occidental,Calamba
Region X (Northern Mindanao),Misamis Occidental,City of Oroquieta
Region X (Northern Mindanao),Misamis Occidental,City of Ozamiz
Region X (Northern Mindanao),Misamis Occidental,City of Tangub
Region X (Northern Mindanao),Misamis Occidental,Clarin
Region X (Northern Mindanao),Misamis Occidental,Concepcion
Region X (Northern Mindanao),Misamis Occidental,Don Victoriano Chiongbian
Region X (Northern Mindanao),Misamis Occidental,Jimenez
Region X (Northern Mindanao),Misamis Occidental,Lopez Jaena
Region X (Northern Mindanao),Misamis Occidental,Panaon
Region X (Northern Mindanao),Misamis Occidental,Plaridel
Region X (Northern Mindanao),Misamis Occidental,Sapang Dalaga
Region X (Northern Mindanao),Misamis Occidental,Sinacaban
Region X (Northern Mindanao),Misamis Occidental,Tudela
Region X (Northern Mindanao),Misamis Oriental,Alubijid
Region X (Northern Mindanao),Misamis Oriental,Balingasag
Region X (Northern Mindanao),Misamis Oriental,Balingoan
Region X (Northern Mindanao),Misamis Oriental,Binuangan
Region X (Northern Mindanao),Misamis Oriental,City of El Salvador
Region X (Northern Mindanao),Misamis Oriental,City of Gingoog
Region X (Northern Mindanao),Misamis Oriental,Claveria
Region X (Northern Mindanao),Misamis Oriental,Gitagum
Region X (Northern Mindanao),Misamis Oriental,Initao
Region X (Northern Mindanao),Misamis Oriental,Jasaan
Region X (Northern Mindanao),Misamis Oriental,Kinoguitan
Region X (Northern Mindanao),Misamis Oriental,Lagonglong
Region X (Northern Mindanao),Misamis Oriental,Laguindingan
Region X (Northern Mindanao),Misamis Oriental,Libertad
Region X (Northern Mindanao),Misamis Oriental,Lugait
Region X (Northern Mindanao),Misamis Oriental,Magsaysay
Region X (Northern Mindanao),Misamis Oriental,Manticao
Region X (Northern Mindanao),Misamis Oriental,Medina
Region X (Northern Mindanao),Misamis Oriental,Naawan
Region X (Northern Mindanao),Misamis Oriental,Opol
Region X (Northern Mindanao),Misamis Oriental,Salay
Region X (Northern Mindanao),Misamis Oriental,Sugbongcogon
Region X (Northern Mindanao),Misamis Oriental,Tagoloan
Region X (Northern Mindanao),Misamis Oriental,Talisayan
Region X (Northern Mindanao),Misamis Oriental,Villanueva
Region X (Northern Mindanao),City of Cagayan De Oro,Villanueva
Region X (Northern Mindanao),City of Iligan,Villanueva
Region XI (Davao Region),Davao Occidental,Don Marcelino
Region XI (Davao Region),Davao Occidental,Jose Abad Santos
Region XI (Davao Region),Davao Occidental,Malita
Region XI (Davao Region),Davao Occidental,Santa Maria
Region XI (Davao Region),Davao Occidental,Sarangani
Region XI (Davao Region),Davao Oriental,Baganga
Region XI (Davao Region),Davao Oriental,Banaybanay
Region XI (Davao Region),Davao Oriental,Boston
Region XI (Davao Region),Davao Oriental,Caraga
Region XI (Davao Region),Davao Oriental,Cateel
Region XI (Davao Region),Davao Oriental,City of Mati
Region XI (Davao Region),Davao Oriental,Governor Generoso
Region XI (Davao Region),Davao Oriental,Lupon
Region XI (Davao Region),Davao Oriental,Manay
Region XI (Davao Region),Davao Oriental,San Isidro
Region XI (Davao Region),Davao Oriental,Tarragona
Region XI (Davao Region),Davao de Oro,Compostela
Region XI (Davao Region),Davao de Oro,Laak
Region XI (Davao Region),Davao de Oro,Mabini
Region XI (Davao Region),Davao de Oro,Maco
Region XI (Davao Region),Davao de Oro,Maragusan
Region XI (Davao Region),Davao de Oro,Mawab
Region XI (Davao Region),Davao de Oro,Monkayo
Region XI (Davao Region),Davao de Oro,Montevista
Region XI (Davao Region),Davao de Oro,Nabunturan
Region XI (Davao Region),Davao de Oro,New Bataan
Region XI (Davao Region),Davao de Oro,Pantukan
Region XI (Davao Region),Davao del Norte,Asuncion
Region XI (Davao Region),Davao del Norte,Braulio E. Dujali
Region XI (Davao Region),Davao del Norte,Carmen
Region XI (Davao Region),Davao del Norte,City of Panabo
Region XI (Davao Region),Davao del Norte,City of Tagum
Region XI (Davao Region),Davao del Norte,Island Garden City of Samal
Region XI (Davao Region),Davao del Norte,Kapalong
Region XI (Davao Region),Davao del Norte,New Corella
Region XI (Davao Region),Davao del Norte,San Isidro
Region XI (Davao Region),Davao del Norte,Santo Tomas
Region XI (Davao Region),Davao del Norte,Talaingod
Region XI (Davao Region),Davao del Sur,Bansalan
Region XI (Davao Region),Davao del Sur,City of Digos
Region XI (Davao Region),Davao del Sur,Hagonoy
Region XI (Davao Region),Davao del Sur,Kiblawan
Region XI (Davao Region),Davao del Sur,Magsaysay
Region XI (Davao Region),Davao del Sur,Malalag
Region XI (Davao Region),Davao del Sur,Matanao
Region XI (Davao Region),Davao del Sur,Padada
Region XI (Davao Region),Davao del Sur,Santa Cruz
Region XI (Davao Region),Davao del Sur,Sulop
Region XI (Davao Region),City of Davao,Sulop
Region XII (SOCCSKSARGEN),Cotabato,Alamada
Region XII (SOCCSKSARGEN),Cotabato,Aleosan
Region XII (SOCCSKSARGEN),Cotabato,Antipas
Region XII (SOCCSKSARGEN),Cotabato,Arakan
Region XII (SOCCSKSARGEN),Cotabato,Banisilan
Region XII (SOCCSKSARGEN),Cotabato,Carmen
Region XII (SOCCSKSARGEN),Cotabato,City of Kidapawan
Region XII (SOCCSKSARGEN),Cotabato,Kabacan
Region XII (SOCCSKSARGEN),Cotabato,Libungan
Region XII (SOCCSKSARGEN),Cotabato,M'Lang
Region XII (SOCCSKSARGEN),Cotabato,Magpet
Region XII (SOCCSKSARGEN),Cotabato,Makilala
Region XII (SOCCSKSARGEN),Cotabato,Matalam
Region XII (SOCCSKSARGEN),Cotabato,Midsayap
Region XII (SOCCSKSARGEN),Cotabato,Pigkawayan
Region XII (SOCCSKSARGEN),Cotabato,Pikit
Region XII (SOCCSKSARGEN),Cotabato,President Roxas
Region XII (SOCCSKSARGEN),Cotabato,Tulunan
Region XII (SOCCSKSARGEN),Sarangani,Alabel
Region XII (SOCCSKSARGEN),Sarangani,Glan
Region XII (SOCCSKSARGEN),Sarangani,Kiamba
Region XII (SOCCSKSARGEN),Sarangani,Maasim
Region XII (SOCCSKSARGEN),Sarangani,Maitum
Region XII (SOCCSKSARGEN),Sarangani,Malapatan
Region XII (SOCCSKSARGEN),Sarangani,Malungon
Region XII (SOCCSKSARGEN),South Cotabato,Banga
Region XII (SOCCSKSARGEN),South Cotabato,City of Koronadal
Region XII (SOCCSKSARGEN),South Cotabato,Lake Sebu
Region XII (SOCCSKSARGEN),South Cotabato,Norala
Region XII (SOCCSKSARGEN),South Cotabato,Polomolok
Region XII (SOCCSKSARGEN),South Cotabato,Santo Niño
Region XII (SOCCSKSARGEN),South Cotabato,Surallah
Region XII (SOCCSKSARGEN),South Cotabato,T'Boli
Region XII (SOCCSKSARGEN),South Cotabato,Tampakan
Region XII (SOCCSKSARGEN),South Cotabato,Tantangan
Region XII (SOCCSKSARGEN),South Cotabato,Tupi
Region XII (SOCCSKSARGEN),Sultan Kudarat,Bagumbayan
Region XII (SOCCSKSARGEN),Sultan Kudarat,City of Tacurong
Region XII (SOCCSKSARGEN),Sultan Kudarat,Columbio
Region XII (SOCCSKSARGEN),Sultan Kudarat,Esperanza
Region XII (SOCCSKSARGEN),Sultan Kudarat,Isulan
Region XII (SOCCSKSARGEN),Sultan Kudarat,Kalamansig
Region XII (SOCCSKSARGEN),Sultan Kudarat,Lambayong
Region XII (SOCCSKSARGEN),Sultan Kudarat,Lebak
Region XII (SOCCSKSARGEN),Sultan Kudarat,Lutayan
Region XII (SOCCSKSARGEN),Sultan Kudarat,Palimbang
Region XII (SOCCSKSARGEN),Sultan Kudarat,President Quirino
Region XII (SOCCSKSARGEN),Sultan Kudarat,Sen. Ninoy Aquino
Region XII (SOCCSKSARGEN),City of General Santos,Sen. Ninoy Aquino
Region XIII (Caraga),Agusan del Norte,Buenavista
Region XIII (Caraga),Agusan del Norte,Carmen
Region XIII (Caraga),Agusan del Norte,City of Cabadbaran
Region XIII (Caraga),Agusan del Norte,Jabonga
Region XIII (Caraga),Agusan del Norte,Kitcharao
Region XIII (Caraga),Agusan del Norte,Las Nieves
Region XIII (Caraga),Agusan del Norte,Magallanes
Region XIII (Caraga),Agusan del Norte,Nasipit
Region XIII (Caraga),Agusan del Norte,Remedios T. Romualdez
Region XIII (Caraga),Agusan del Norte,Santiago
Region XIII (Caraga),Agusan del Norte,Tubay
Region XIII (Caraga),Agusan del Sur,Bunawan
Region XIII (Caraga),Agusan del Sur,City of Bayugan
Region XIII (Caraga),Agusan del Sur,Esperanza
Region XIII (Caraga),Agusan del Sur,La Paz
Region XIII (Caraga),Agusan del Sur,Loreto
Region XIII (Caraga),Agusan del Sur,Prosperidad
Region XIII (Caraga),Agusan del Sur,Rosario
Region XIII (Caraga),Agusan del Sur,San Francisco
Region XIII (Caraga),Agusan del Sur,San Luis
Region XIII (Caraga),Agusan del Sur,Santa Josefa
Region XIII (Caraga),Agusan del Sur,Sibagat
Region XIII (Caraga),Agusan del Sur,Talacogon
Region XIII (Caraga),Agusan del Sur,Trento
Region XIII (Caraga),Agusan del Sur,Veruela
Region XIII (Caraga),Dinagat Islands,Basilisa
Region XIII (Caraga),Dinagat Islands,Cagdianao
Region XIII (Caraga),Dinagat Islands,Dinagat
Region XIII (Caraga),Dinagat Islands,Libjo
Region XIII (Caraga),Dinagat Islands,Loreto
Region XIII (Caraga),Dinagat Islands,San Jose
Region XIII (Caraga),Dinagat Islands,Tubajon
Region XIII (Caraga),Surigao del Norte,Alegria
Region XIII (Caraga),Surigao del Norte,Bacuag
Region XIII (Caraga),Surigao del Norte,Burgos
Region XIII (Caraga),Surigao del Norte,City of Surigao
Region XIII (Caraga),Surigao del Norte,Claver
Region XIII (Caraga),Surigao del Norte,Dapa
Region XIII (Caraga),Surigao del Norte,Del Carmen
Region XIII (Caraga),Surigao del Norte,General Luna
Region XIII (Caraga),Surigao del Norte,Gigaquit
Region XIII (Caraga),Surigao del Norte,Mainit
Region XIII (Caraga),Surigao del Norte,Malimono
Region XIII (Caraga),Surigao del Norte,Pilar
Region XIII (Caraga),Surigao del Norte,Placer
Region XIII (Caraga),Surigao del Norte,San Benito
Region XIII (Caraga),Surigao del Norte,San Francisco
Region XIII (Caraga),Surigao del Norte,San Isidro
Region XIII (Caraga),Surigao del Norte,Santa Monica
Region XIII (Caraga),Surigao del Norte,Sison
Region XIII (Caraga),Surigao del Norte,Socorro
Region XIII (Caraga),Surigao del Norte,Tagana-An
Region XIII (Caraga),Surigao del Norte,Tubod
Region XIII (Caraga),Surigao del Sur,Barobo
Region XIII (Caraga),Surigao del Sur,Bayabas
Region XIII (Caraga),Surigao del Sur,Cagwait
Region XIII (Caraga),Surigao del Sur,Cantilan
Region XIII (Caraga),Surigao del Sur,Carmen
Region XIII (Caraga),Surigao del Sur,Carrascal
Region XIII (Caraga),Surigao del Sur,City of Bislig
Region XIII (Caraga),Surigao del Sur,City of Tandag
Region XIII (Caraga),Surigao del Sur,Cortes
Region XIII (Caraga),Surigao del Sur,Hinatuan
Region XIII (Caraga),Surigao del Sur,Lanuza
Region XIII (Caraga),Surigao del Sur,Lianga
Region XIII (Caraga),Surigao del Sur,Lingig
Region XIII (Caraga),Surigao del Sur,Madrid
Region XIII (Caraga),Surigao del Sur,Marihatag
Region XIII (Caraga),Surigao del Sur,San Agustin
Region XIII (Caraga),Surigao del Sur,San Miguel
Region XIII (Caraga),Surigao del Sur,Tagbina
Region XIII (Caraga),Surigao del Sur,Tago
Region XIII (Caraga),City of Butuan,Tago
